,subject,object,relation
0,C.沃林顿,斯莱特林魁地奇球队,从属
1,C.沃林顿,调查行动组,从属
2,C.沃林顿,霍格沃茨魔法学校,从属
3,乔治.韦斯莱,凤凰社,从属
4,乔治.韦斯莱,普威特家族,从属
5,乔治.韦斯莱,格兰芬多学院,从属
6,乔治.韦斯莱,格兰芬多魁地奇球队,从属
7,乔治.韦斯莱,邓布利多军,从属
8,乔治.韦斯莱,霍格沃茨魔法学校,从属
9,乔治.韦斯莱,韦斯莱家族,从属
10,乔治.韦斯莱,韦斯莱魔法把戏坊,从属
11,乔治.韦斯莱,弗雷德.韦斯莱二世,儿子
12,乔治.韦斯莱,弗雷德.韦斯莱,双胞胎哥哥
13,乔治.韦斯莱,比利尔斯,叔叔
14,乔治.韦斯莱,查理.韦斯莱,哥哥
15,乔治.韦斯莱,比尔.韦斯莱,哥哥
16,乔治.韦斯莱,珀西.韦斯莱,哥哥
17,乔治.韦斯莱,普威特夫人,外祖母
18,乔治.韦斯莱,普威特先生,外祖父
19,乔治.韦斯莱,罗克珊.韦斯莱,女儿
20,乔治.韦斯莱,哈利.波特,妹夫
21,乔治.韦斯莱,金妮.韦斯莱,妹妹
22,乔治.韦斯莱,安吉利娜.约翰逊,妻子
23,乔治.韦斯莱,奥黛丽.韦斯莱,嫂子
24,乔治.韦斯莱,芙蓉.德拉库尔,嫂子
25,乔治.韦斯莱,赫敏.格兰杰,弟媳
26,乔治.韦斯莱,罗恩.韦斯莱,弟弟
27,乔治.韦斯莱,莫丽.韦斯莱,母亲
28,乔治.韦斯莱,亚瑟.韦斯莱,父亲
29,乔治.韦斯莱,塞德瑞拉.布莱克,祖母
30,乔治.韦斯莱,塞普蒂默斯.韦斯莱,祖父
31,乔治.韦斯莱,吉迪翁.普威特,舅舅
32,乔治.韦斯莱,费比安.普威特,舅舅
33,乔治三世,维多利亚,孙女
34,乔治三世,亨利七世,祖先
35,乔治三世,威廉一世,祖先
36,亚伯拉罕.波特,波特家族,从属
37,亚伯拉罕.波特,美国魔法国会,从属
38,亚伯拉罕.波特,哈利.波特,远亲
39,亚伯拉罕.波特,詹姆.波特,远亲
40,亚瑟.韦斯莱,伪劣防御咒及防护用品侦查收缴办公室,从属
41,亚瑟.韦斯莱,凤凰社,从属
42,亚瑟.韦斯莱,普威特家族,从属
43,亚瑟.韦斯莱,格兰芬多学院,从属
44,亚瑟.韦斯莱,波特家族,从属
45,亚瑟.韦斯莱,禁止滥用麻瓜物品办公室,从属
46,亚瑟.韦斯莱,英国魔法部,从属
47,亚瑟.韦斯莱,霍格沃茨魔法学校,从属
48,亚瑟.韦斯莱,韦斯莱家族,从属
49,亚瑟.韦斯莱,魔法法律执行司,从属
50,亚瑟.韦斯莱,奥黛丽.韦斯莱,儿媳
51,亚瑟.韦斯莱,安吉利娜.约翰逊,儿媳
52,亚瑟.韦斯莱,芙蓉.德拉库尔,儿媳
53,亚瑟.韦斯莱,赫敏.格兰杰,儿媳
54,亚瑟.韦斯莱,乔治.韦斯莱,儿子
55,亚瑟.韦斯莱,弗雷德.韦斯莱,儿子
56,亚瑟.韦斯莱,查理.韦斯莱,儿子
57,亚瑟.韦斯莱,比尔.韦斯莱,儿子
58,亚瑟.韦斯莱,珀西.韦斯莱,儿子
59,亚瑟.韦斯莱,罗恩.韦斯莱,儿子
60,亚瑟.韦斯莱,比利尔斯,兄弟或舅子
61,亚瑟.韦斯莱,詹姆.小天狼星.波特,外孙
62,亚瑟.韦斯莱,阿不思.西弗勒斯.波特,外孙
63,亚瑟.韦斯莱,莉莉.卢娜.波特,外孙女
64,亚瑟.韦斯莱,莱桑德拉.亚克斯利,外祖母
65,亚瑟.韦斯莱,阿克图勒斯.布莱克二世,外祖父
66,亚瑟.韦斯莱,吉迪翁.普威特,大舅子
67,亚瑟.韦斯莱,费比安.普威特,大舅子
68,亚瑟.韦斯莱,金妮.韦斯莱,女儿
69,亚瑟.韦斯莱,哈利.波特,女婿
70,亚瑟.韦斯莱,莫丽.韦斯莱,妻子
71,亚瑟.韦斯莱,穆丽尔,姨岳母
72,亚瑟.韦斯莱,多米尼克.韦斯莱,孙女
73,亚瑟.韦斯莱,维克托娃.韦斯莱,孙女
74,亚瑟.韦斯莱,罗丝.韦斯莱,孙女
75,亚瑟.韦斯莱,罗克珊.韦斯莱,孙女
76,亚瑟.韦斯莱,莫丽.韦斯莱二世,孙女
77,亚瑟.韦斯莱,露西.韦斯莱,孙女
78,亚瑟.韦斯莱,弗雷德.韦斯莱二世,孙子
79,亚瑟.韦斯莱,路易.韦斯莱,孙子
80,亚瑟.韦斯莱,雨果.韦斯莱,孙子
81,亚瑟.韦斯莱,普威特夫人,岳母
82,亚瑟.韦斯莱,普威特先生,岳父
83,亚瑟.韦斯莱,塞德瑞拉.布莱克,母亲
84,亚瑟.韦斯莱,塞普蒂默斯.韦斯莱,父亲
85,亚瑟.韦斯莱,伪劣防御咒及防护用品侦查收缴办公室主任,职业
86,亚瑟.韦斯莱,禁止滥用麻瓜物品办公室主任,职业
87,亨利.波特,威森加摩,从属
88,亨利.波特,波特家族,从属
89,亨利.波特,尤菲米娅.波特,儿媳
90,亨利.波特,弗利蒙.波特,儿子
91,亨利.波特,詹姆.波特,孙子
92,亨利.波特,波特夫人，原姓弗利蒙,母亲
93,亨利七世,安妮.博林,儿媳
94,亨利七世,亨利八世,儿子
95,亨利七世,威廉三世,后裔
96,亨利七世,玛丽二世,后裔
97,亨利七世,伊丽莎白一世,孙女
98,亨利七世,玛丽一世,孙女
99,亨利七世,威廉一世,祖先
100,亨利八世,伊丽莎白一世,女儿
101,亨利八世,玛丽一世,女儿
102,亨利八世,亨利七世,父亲
103,亨利八世,威廉一世,祖先
104,亨利八世,安妮.博林,第二任妻子
105,亨利六世,威廉一世,祖先
106,伊万斯姐妹的父亲,哈利.波特,外孙
107,伊万斯姐妹的父亲,达力.德思礼,外孙
108,伊万斯姐妹的父亲,佩妮.伊万斯,女儿
109,伊万斯姐妹的父亲,莉莉.伊万斯,女儿
110,伊万斯姐妹的父亲,弗农.德思礼,女婿
111,伊万斯姐妹的父亲,詹姆.波特,女婿
112,伊万斯姐妹的父亲,伊万斯夫人,妻子
113,伊万杰琳.奥平顿,英国魔法部,从属
114,伊索特.塞耶,詹姆.斯图尔特,丈夫
115,伊索特.塞耶,伊尔弗莫尼魔法学校,从属
116,伊索特.塞耶,塞耶家族,从属
117,伊索特.塞耶,斯图尔特家族,从属
118,伊索特.塞耶,查威克.布特,养子
119,伊索特.塞耶,韦伯.布特,养子
120,伊索特.塞耶,玛莎.斯图尔特二世,女儿
121,伊索特.塞耶,雷欧娜.斯图尔特,女儿
122,伊索特.塞耶,葛姆蕾.冈特,姨妈
123,伊索特.塞耶,雷欧娜.塞耶,母亲
124,伊索特.塞耶,萨拉查.斯莱特林,母系祖先
125,伊索特.塞耶,威廉.塞耶,父亲
126,伊索特.塞耶,莫瑞根,父系祖先
127,伍德克罗夫特的汉吉斯,霍格莫德村,从属
128,佩内洛.克里瓦特,克里瓦特家族,从属
129,佩内洛.克里瓦特,拉文克劳,从属
130,佩内洛.克里瓦特,霍格沃茨魔法学校,从属
131,佩妮.德思礼,弗农.德思礼,丈夫
132,佩妮.德思礼,伊万斯家庭,从属
133,佩妮.德思礼,德思礼家庭,从属
134,佩妮.德思礼,德思礼夫人,儿媳
135,佩妮.德思礼,达力.德思礼,儿子
136,佩妮.德思礼,哈利.波特,外甥
137,佩妮.德思礼,金妮.韦斯莱,外甥媳婦
138,佩妮.德思礼,詹姆.小天狼星.波特,外甥孙
139,佩妮.德思礼,阿不思.西弗勒斯.波特,外甥孙
140,佩妮.德思礼,莉莉.卢娜.波特,外甥孙女
141,佩妮.德思礼,玛姬.德思礼,大姑
142,佩妮.德思礼,詹姆.波特,妹夫
143,佩妮.德思礼,莉莉.伊万斯,妹妹
144,佩妮.德思礼,德思礼夫人,婆婆
145,佩妮.德思礼,伊万斯夫人,母亲
146,佩妮.德思礼,伊万斯先生,父亲
147,佩妮.德思礼,家庭主妇,职业
148,佩妮.德思礼,格朗宁公司的上班族,职业
149,兰登.肖,小亨利.肖,哥哥
150,兰登.肖,老亨利.肖,父亲
151,刚度富士.格雷维斯,美国魔法国会,从属
152,刚度富士.格雷维斯,珀西瓦尔.格雷维斯,后裔
153,卡斯提蒂.巴瑞波恩,克莱登斯.巴瑞波恩,义兄
154,卡斯提蒂.巴瑞波恩,莫迪丝蒂.巴瑞波恩,义妹
155,卡斯提蒂.巴瑞波恩,巴瑞波恩家族,从属
156,卡斯提蒂.巴瑞波恩,新塞勒姆慈善协会,从属
157,卡斯提蒂.巴瑞波恩,玛丽.卢.巴瑞波恩,养母
158,卡洛斯.洛佩兹,美国魔法国会,从属
159,卢修斯.马尔福,斯莱特林,从属
160,卢修斯.马尔福,霍格沃茨魔法学校,从属
161,卢修斯.马尔福,食死徒,从属
162,卢修斯.马尔福,马尔福家族,从属
163,卢修斯.马尔福,魔法部,从属
164,卢修斯.马尔福,鼻涕虫俱乐部,从属
165,卢修斯.马尔福,尼法朵拉.唐克斯,侄女
166,卢修斯.马尔福,阿斯托里亚.格林格拉斯,儿媳
167,卢修斯.马尔福,德拉科.马尔福,儿子
168,卢修斯.马尔福,安多米达.唐克斯,大姨
169,卢修斯.马尔福,贝拉特里克斯.莱斯特兰奇,大姨
170,卢修斯.马尔福,纳西莎.布莱克,妻子
171,卢修斯.马尔福,泰德.唐克斯,姐夫
172,卢修斯.马尔福,罗道夫斯.莱斯特兰奇,姐夫
173,卢修斯.马尔福,斯科皮.马尔福,孙子
174,卢修斯.马尔福,德鲁埃拉.布莱克,岳母
175,卢修斯.马尔福,西格纳斯.布莱克三世,岳父
176,卢修斯.马尔福,阿布拉克萨斯.马尔福,父亲
177,卢修斯.马尔福,卢修斯.马尔福一世,祖先
178,卢修斯.马尔福,布鲁图斯.马尔福,祖先
179,卢修斯.马尔福,阿曼德.马尔福,祖先
180,卢修斯.马尔福,霍格沃茨魔法学校董事会,职业
181,卢修斯.马尔福,魔法部官员,职业
182,卢多.巴格曼,巴格曼家庭,从属
183,卢多.巴格曼,温布恩黄蜂队,从属
184,卢多.巴格曼,魔法部,从属
185,卢多.巴格曼,奥托.巴格曼,弟弟
186,卢多.巴格曼,巴格曼先生,父亲
187,卢多.巴格曼,温布恩黄蜂队击球手,职业
188,卢多.巴格曼,英格兰魁地奇代表队击球手,职业
189,卢多.巴格曼,魔法体育运动司司长,职业
190,卢娜.洛夫古德,罗夫.斯卡曼德,丈夫
191,卢娜.洛夫古德,《唱唱反调》,从属
192,卢娜.洛夫古德,凤凰社,从属
193,卢娜.洛夫古德,拉文克劳学院,从属
194,卢娜.洛夫古德,斯卡曼德家族,从属
195,卢娜.洛夫古德,洛夫古德家庭,从属
196,卢娜.洛夫古德,邓布利多军,从属
197,卢娜.洛夫古德,霍格沃茨魔法学校,从属
198,卢娜.洛夫古德,洛肯.斯卡曼德,儿子
199,卢娜.洛夫古德,莱桑德.斯卡曼德,儿子
200,卢娜.洛夫古德,潘多拉.洛夫古德,母亲
201,卢娜.洛夫古德,谢诺菲留斯.洛夫古德,父亲
202,卢娜.洛夫古德,波尔蓬蒂娜.斯卡曼德,祖婆
203,卢娜.洛夫古德,纽特.斯卡曼德,祖翁
204,厄克特,斯莱特林,从属
205,厄克特,斯莱特林魁地奇球队,从属
206,厄克特,霍格沃茨魔法学校,从属
207,厄尼.麦克米兰,赫奇帕奇,从属
208,厄尼.麦克米兰,邓布利多军,从属
209,厄尼.麦克米兰,霍格沃茨魔法学校,从属
210,厄尼.麦克米兰,麦克米兰家族,从属
211,吉德罗.洛哈特,圣芒戈魔法伤病医院,从属
212,吉德罗.洛哈特,梅林爵士团勋章,从属
213,吉德罗.洛哈特,洛哈特家庭,从属
214,吉德罗.洛哈特,霍格沃茨魔法学校,从属
215,吉德罗.洛哈特,黑魔法防御联盟,从属
216,吉德罗.洛哈特,洛哈特夫人,母亲
217,吉德罗.洛哈特,洛哈特先生,父亲
218,吉德罗.洛哈特,作家,职业
219,吉德罗.洛哈特,霍格沃茨魔法学校黑魔法防御术教授(1992年-1993年),职业
220,吉德罗.洛哈特的姐姐,吉德罗.洛哈特,弟弟
221,吉德罗.洛哈特的姐姐,洛哈特夫人,母亲
222,吉德罗.洛哈特的姐姐,洛哈特先生,父亲
223,吉德罗.洛哈特的父亲,吉德罗.洛哈特,儿子
224,吉德罗.洛哈特的父亲,洛哈特夫人,妻子
225,吉米.珀克斯,格兰芬多,从属
226,吉米.珀克斯,格兰芬多魁地奇球队,从属
227,吉米.珀克斯,珀克斯家族,从属
228,吉米.珀克斯,霍格沃茨魔法学校,从属
229,吉迪翁.普威特,凤凰社,从属
230,吉迪翁.普威特,普威特家族,从属
231,吉迪翁.普威特,伊格内修斯.普威特,叔叔
232,吉迪翁.普威特,比利尔斯,可能是兄弟
233,吉迪翁.普威特,亚瑟.韦斯莱,妹夫
234,吉迪翁.普威特,莫丽.韦斯莱,妹妹
235,吉迪翁.普威特,穆丽尔,姨妈
236,吉迪翁.普威特,费比安.普威特,弟弟
237,吉迪翁.普威特,普威特夫人,母亲
238,吉迪翁.普威特,普威特先生,父亲
239,吉迪翁.普威特,卢克丽霞.布莱克,阿姨
240,哈利.波特,S.P.E.W.,从属
241,哈利.波特,傲罗办公室,从属
242,哈利.波特,凤凰社,从属
243,哈利.波特,格兰芬多学院,从属
244,哈利.波特,格兰芬多魁地奇球队,从属
245,哈利.波特,波特家族,从属
246,哈利.波特,英国魔法部,从属
247,哈利.波特,邓布利多军,从属
248,哈利.波特,阿不思.邓布利多,从属
249,哈利.波特,霍格沃茨魔法学校,从属
250,哈利.波特,韦斯莱家族,从属
251,哈利.波特,魔法法律执行司,从属
252,哈利.波特,鼻涕虫俱乐部,从属
253,哈利.波特,多米尼克.韦斯莱,侄女
254,哈利.波特,维克托娃.韦斯莱,侄女
255,哈利.波特,罗丝.韦斯莱,侄女
256,哈利.波特,罗克珊.韦斯莱,侄女
257,哈利.波特,莫丽.韦斯莱二世,侄女
258,哈利.波特,露西.韦斯莱,侄女
259,哈利.波特,弗雷德.韦斯莱二世,侄子
260,哈利.波特,路易斯.韦斯莱,侄子
261,哈利.波特,雨果.韦斯莱,侄子
262,哈利.波特,詹姆.小天狼星.波特,儿子
263,哈利.波特,阿不思.西弗勒斯.波特,儿子
264,哈利.波特,乔治.韦斯莱,内兄
265,哈利.波特,弗雷德.韦斯莱,内兄
266,哈利.波特,查理.韦斯莱,内兄
267,哈利.波特,比尔.韦斯莱,内兄
268,哈利.波特,珀西.韦斯莱,内兄
269,哈利.波特,罗恩.韦斯莱,内兄
270,哈利.波特,伊万斯夫人,外祖母
271,哈利.波特,伊万斯先生,外祖父
272,哈利.波特,莉莉.卢娜.波特,女儿
273,哈利.波特,金妮.波特,妻子
274,哈利.波特,佩妮.德思礼,姨妈
275,哈利.波特,弗农.德思礼,姨父
276,哈利.波特,奥黛丽.韦斯莱,嫂子
277,哈利.波特,安吉利娜.约翰逊,嫂子
278,哈利.波特,芙蓉.德拉库尔,嫂子
279,哈利.波特,赫敏.格兰杰,嫂子
280,哈利.波特,莫丽.韦斯莱,岳母
281,哈利.波特,亚瑟.韦斯莱,岳父
282,哈利.波特,莉莉.波特,母亲
283,哈利.波特,詹姆.波特,父亲
284,哈利.波特,伊格诺图斯.佩弗利尔,父系祖先
285,哈利.波特,斯廷奇库姆的林弗雷德,父系祖先
286,哈利.波特,尤菲米娅.波特,祖母
287,哈利.波特,弗利蒙.波特,祖父
288,哈利.波特,傲罗办公室主任,职业
289,哈利.波特,黑魔法防御术兼职讲师,职业
290,哈利.波特,达力的孩子,表侄
291,哈利.波特,达力.德思礼,表哥
292,哈利.波特,德思礼夫人,表嫂
293,哈利.波特,汤姆.里德尔,远房亲戚
294,哈米什.麦克法兰,蒙特罗斯喜鹊队,从属
295,哈米什.麦克法兰,魔法部,从属
296,哈米什.麦克法兰,职业魁地奇球员,职业
297,哈米什.麦克法兰,魔法体育运动司司长,职业
298,哈罗德.丁戈,霍格沃茨魔法学校,从属
299,埃尔德.沃普尔,霍格沃茨魔法学校,从属
300,埃尔德.沃普尔,鼻涕虫俱乐部,从属
301,埃尔芬斯通.埃尔科特,埃尔科特家庭,从属
302,埃尔芬斯通.埃尔科特,魔法法律执行司,从属
303,埃尔芬斯通.埃尔科特,魔法部,从属
304,埃尔芬斯通.埃尔科特,麦格家族,从属
305,埃尔芬斯通.埃尔科特,米勒娃.麦格,妻子
306,埃尔芬斯通.埃尔科特,小罗伯特.麦格,小舅
307,埃尔芬斯通.埃尔科特,马尔科姆.麦格,小舅
308,埃尔芬斯通.埃尔科特,伊泽贝尔.罗斯,岳母
309,埃尔芬斯通.埃尔科特,老罗伯特.麦格,岳父
310,埃德里奇.迪戈里,霍格沃茨魔法学校,从属
311,埃德里奇.迪戈里,魔法部,从属
312,塞德里克.迪戈里,赫奇帕奇学院,从属
313,塞德里克.迪戈里,赫奇帕奇魁地奇球队,从属
314,塞德里克.迪戈里,迪戈里家族,从属
315,塞德里克.迪戈里,霍格沃茨魔法学校,从属
316,塞普蒂默斯.马尔福,魔法部,从属
317,塞普蒂默斯.马尔福,卢修斯.马尔福,后裔
318,塞普蒂默斯.马尔福,德拉科.马尔福,后裔
319,塞普蒂默斯.马尔福,斯科皮.马尔福,后裔
320,塞普蒂默斯.马尔福,阿布拉克萨斯.马尔福,后裔
321,塞普蒂默斯.马尔福,尼古拉斯.马尔福,祖先
322,塞普蒂默斯.马尔福,布鲁图斯.马尔福,祖先
323,塞普蒂默斯.马尔福,阿曼德.马尔福,祖先
324,塞普蒂默斯.马尔福,魔法部部长顾问,职业
325,塞蒂娜.沃贝克的母亲,沃贝克先生,丈夫
326,塞蒂娜.沃贝克的母亲,塞蒂娜.沃贝克,女儿
327,塞蒂娜.沃贝克的母亲,厄文.瓦布尔,第三任女婿
328,塞蒂娜.沃贝克的父亲,塞蒂娜.沃贝克,女儿
329,塞蒂娜.沃贝克的父亲,沃贝克夫人,妻子
330,塞蒂娜.沃贝克的父亲,厄文.瓦布尔,第三任女婿
331,夏比,赫奇帕奇,从属
332,夏比,赫奇帕奇魁地奇球队,从属
333,夏比,霍格沃茨,从属
334,多卡斯.十二树,十二树家庭,从属
335,多卡斯.十二树,亚里斯多德.十二树,父亲
336,多洛雷斯.乌姆里奇,威森加摩,从属
337,多洛雷斯.乌姆里奇,调查行动组,从属
338,多洛雷斯.乌姆里奇,霍格沃茨魔法学校,从属
339,多洛雷斯.乌姆里奇,食死徒,从属
340,多洛雷斯.乌姆里奇,魔法部,从属
341,多洛雷斯.乌姆里奇,麻瓜出身登记委员会,从属
342,多洛雷斯.乌姆里奇,埃伦.克拉克内尔,母亲
343,多洛雷斯.乌姆里奇,奥福德.乌姆里奇,父亲
344,多洛雷斯.乌姆里奇,霍格沃茨,职业
345,多洛雷斯.乌姆里奇,霍格沃茨校长,职业
346,多洛雷斯.乌姆里奇,高级调查官,职业
347,多洛雷斯.乌姆里奇,魔法部高级副部长,职业
348,多洛雷斯.乌姆里奇,麻瓜出身登记委员会主任,职业
349,多纳汉.特姆利特,古怪姐妹演唱组,从属
350,多纳汉.特姆利特,特姆利特家庭,从属
351,多纳汉.特姆利特,特姆利特夫人,母亲
352,多纳汉.特姆利特,特姆利特先生,父亲
353,奥利弗.伍德,普德米尔联队,从属
354,奥利弗.伍德,格兰芬多,从属
355,奥利弗.伍德,格兰芬多魁地奇球队,从属
356,奥利弗.伍德,霍格沃茨魔法学校,从属
357,奥利弗.伍德,伍德夫人,母亲
358,奥利弗.伍德,伍德先生,父亲
359,奥古斯特.卢克伍德,伏地魔,从属
360,奥古斯特.卢克伍德,神秘事务司,从属
361,奥古斯特.卢克伍德,英国魔法部,从属
362,奥古斯特.卢克伍德,食死徒,从属
363,奥罗拉.辛尼斯塔,天文学系,从属
364,奥罗拉.辛尼斯塔,霍格沃茨魔法学校,从属
365,奥罗拉.辛尼斯塔,天文学家,职业
366,奥罗拉.辛尼斯塔,天文学系教授(早于1991年,职业
367,奥赖恩.布莱克,布莱克家族,从属
368,奥赖恩.布莱克,斯莱特林,从属
369,奥赖恩.布莱克,霍格沃茨魔法学校,从属
370,奥赖恩.布莱克,安多米达.唐克斯,侄女
371,奥赖恩.布莱克,纳西莎.马尔福,侄女
372,奥赖恩.布莱克,贝拉特里克斯.莱斯特兰奇,侄女
373,奥赖恩.布莱克,小天狼星.布莱克,儿子
374,奥赖恩.布莱克,雷古勒斯.布莱克,儿子
375,奥赖恩.布莱克,雷古勒斯.布莱克一世,叔叔
376,奥赖恩.布莱克,沃尔布加.布莱克,妻子
377,奥赖恩.布莱克,伊格内修斯.普威特,姐夫
378,奥赖恩.布莱克,卢克丽霞.布莱克,姐姐
379,奥赖恩.布莱克,莱克里丝.布莱克,姑妈
380,奥赖恩.布莱克,西格纳斯.布莱克三世,小舅
381,奥赖恩.布莱克,阿尔法德.布莱克,小舅
382,奥赖恩.布莱克,伊尔玛.克拉布,岳母
383,奥赖恩.布莱克,帕勒克斯.布莱克,岳父
384,奥赖恩.布莱克,梅拉尼娅.麦克米兰,母亲
385,奥赖恩.布莱克,阿克图勒斯.布莱克三世,父亲
386,奥赖恩.布莱克,海斯帕.甘普,祖母
387,奥赖恩.布莱克,天狼星.布莱克二世,祖父
388,威基.泰克罗斯,英国魔法部,从属
389,威基.泰克罗斯,霍格沃茨魔法学校,从属
390,威基.泰克罗斯,幻影显形课指导教师,职业
391,威基.泰克罗斯,英国魔法部雇员,职业
392,威尔克斯,霍格沃茨魔法学校,从属
393,威尔克斯,食死徒,从属
394,威尔海姆.费歇尔,美国魔法国会,从属
395,安东宁.多洛霍夫,伏地魔,从属
396,安东宁.多洛霍夫,多洛霍夫家族,从属
397,安东宁.多洛霍夫,食死徒,从属
398,安东尼.戈德斯坦,戈德斯坦家族,从属
399,安东尼.戈德斯坦,拉文克劳,从属
400,安东尼.戈德斯坦,邓布利多军,从属
401,安东尼.戈德斯坦,霍格沃茨魔法学校,从属
402,安东尼.戈德斯坦,奎妮.戈德斯坦,远亲
403,安东尼.戈德斯坦,波尔蓬蒂娜.斯卡曼德,远亲
404,安多米达.唐克斯,泰德.唐克斯,丈夫
405,安多米达.唐克斯,唐克斯家族,亲家
406,安多米达.唐克斯,阿尔法德.布莱克,叔叔
407,安多米达.唐克斯,泰迪.卢平,外孙子
408,安多米达.唐克斯,德拉科.马尔福,外甥
409,安多米达.唐克斯,尼法朵拉.唐克斯,女儿
410,安多米达.唐克斯,莱姆斯.卢平,女婿
411,安多米达.唐克斯,卢修斯.马尔福,妹夫
412,安多米达.唐克斯,纳西莎.马尔福,妹妹
413,安多米达.唐克斯,罗道夫斯.莱斯特兰奇,姐夫
414,安多米达.唐克斯,贝拉特里克斯.莱斯特兰奇,姐姐
415,安多米达.唐克斯,沃尔布加.布莱克,姑妈
416,安多米达.唐克斯,奥赖恩.布莱克,姑父
417,安多米达.唐克斯,德鲁埃拉.罗齐尔,母亲
418,安多米达.唐克斯,布莱克家族,母氏家族
419,安多米达.唐克斯,罗齐尔家族,母氏家族
420,安多米达.唐克斯,西格纳斯.布莱克三世,父亲
421,安多米达.唐克斯,伊尔玛.克拉布,祖母
422,安多米达.唐克斯,帕勒克斯.布莱克,祖父
423,安多米达.唐克斯,小天狼星.布莱克,表弟
424,安多米达.唐克斯,雷古勒斯.布莱克,表弟
425,安布罗修.弗鲁姆,蜂蜜公爵,从属
426,安布罗修.弗鲁姆,霍格沃茨魔法学校,从属
427,安布罗修.弗鲁姆,鼻涕虫俱乐部,从属
428,安德鲁.柯克,格兰芬多魁地奇球队,从属
429,安德鲁.柯克,霍格沃茨魔法学校,从属
430,小亨利.肖,美国参议院,从属
431,小亨利.肖,肖家族,从属
432,小亨利.肖,兰登.肖,弟弟
433,小亨利.肖,老亨利.肖,父亲
434,小天狼星.布莱克,凤凰社,从属
435,小天狼星.布莱克,劫猎者,从属
436,小天狼星.布莱克,布莱克家族,从属
437,小天狼星.布莱克,波特家族,从属
438,小天狼星.布莱克,霍格沃茨魔法学校,从属
439,小天狼星.布莱克,西格纳斯.布莱克三世,叔叔
440,小天狼星.布莱克,阿尔法德.布莱克,叔叔
441,小天狼星.布莱克,帕勒克斯.布莱克,外公
442,小天狼星.布莱克,伊尔玛.克拉布,外婆
443,小天狼星.布莱克,梅拉尼娅.麦克米兰,奶奶
444,小天狼星.布莱克,雷古勒斯.布莱克,弟弟
445,小天狼星.布莱克,德鲁埃拉.罗齐尔,母
446,小天狼星.布莱克,沃尔布加.布莱克,母亲
447,小天狼星.布莱克,伊格内修斯.普威特,父
448,小天狼星.布莱克,卢克丽霞.布莱克,父
449,小天狼星.布莱克,奥赖恩.布莱克,父亲
450,小天狼星.布莱克,菲尼亚斯.奈杰勒斯.布莱克,父系
451,小天狼星.布莱克,阿克图勒斯.布莱克三世,爷爷
452,小天狼星.布莱克,安多米达.唐克斯,表姐
453,小天狼星.布莱克,纳西莎.马尔福,表姐
454,小天狼星.布莱克,贝拉特里克斯.莱斯特兰奇,表姐
455,尤安.阿伯克龙比,格兰芬多,从属
456,尤安.阿伯克龙比,霍格沃茨魔法学校,从属
457,尤里克.甘普,威森加摩,从属
458,尤里克.甘普,英国政府,从属
459,尤里克.甘普,英国魔法部,从属
460,尤里克.甘普,威森加摩首席魔法师,职业
461,尤里克.甘普,魔法部部长,职业
462,尼古拉斯.德.敏西-波平顿,亨利七世宫廷,从属
463,尼古拉斯.德.敏西-波平顿,无头猎手队,从属
464,尼古拉斯.德.敏西-波平顿,霍格沃茨魔法学校,从属
465,尼法朵拉.唐克斯,莱姆斯.卢平,丈夫
466,尼法朵拉.唐克斯,傲罗办公室,从属
467,尼法朵拉.唐克斯,先遣警卫,从属
468,尼法朵拉.唐克斯,凤凰社,从属
469,尼法朵拉.唐克斯,卢平家族,从属
470,尼法朵拉.唐克斯,唐克斯家族,从属
471,尼法朵拉.唐克斯,英国魔法部,从属
472,尼法朵拉.唐克斯,霍格沃茨,从属
473,尼法朵拉.唐克斯,泰德.卢平,儿子
474,尼法朵拉.唐克斯,莱尔.卢平,公公
475,尼法朵拉.唐克斯,安多米达.唐克斯,母亲
476,尼法朵拉.唐克斯,德鲁埃拉.布莱克,外婆
477,尼法朵拉.唐克斯,卢修斯.马尔福,叔叔
478,尼法朵拉.唐克斯,罗道夫斯.莱斯特兰奇,叔叔
479,尼法朵拉.唐克斯,西格纳斯.布莱克三世,外公
480,尼法朵拉.唐克斯,泰德.唐克斯,父亲
481,尼法朵拉.唐克斯,德拉科.马尔福,表弟
482,巴克比克,凤凰社,从属
483,巴克比克,哈利.波特,从属
484,巴克比克,小天狼星.布莱克,从属
485,巴克比克,赫敏.格兰杰,从属
486,巴克比克,邓布利多军,从属
487,巴克比克,霍格沃茨魔法学校,从属
488,巴克比克,鲁伯.海格,从属
489,巴托罗缪.巴瑞波恩,巴瑞波恩家族,从属
490,巴托罗缪.巴瑞波恩,肃清者,从属
491,巴麦尊勋爵,英国,从属
492,巴麦尊勋爵,英国政府,从属
493,巴麦尊勋爵,麻瓜社会,从属
494,巴麦尊勋爵,英国首相,职业
495,布莱奇,布莱奇家庭,从属
496,布莱奇,魔法部,从属
497,帕翠霞.斯廷森,霍格沃茨魔法学校,从属
498,弗农.德思礼,德思礼家庭,从属
499,弗农.德思礼,格朗宁公司,从属
500,弗农.德思礼,德思礼夫人,儿媳
501,弗农.德思礼,达力.德思礼,儿子
502,弗农.德思礼,哈利.波特,外甥
503,弗农.德思礼,金妮.韦斯莱,外甥媳婦
504,弗农.德思礼,詹姆.小天狼星.波特,外甥孙
505,弗农.德思礼,阿不思.西弗勒斯.波特,外甥孙
506,弗农.德思礼,莉莉.卢娜.波特,外甥孙女
507,弗农.德思礼,詹姆.波特,妹夫
508,弗农.德思礼,佩妮.伊万斯,妻子
509,弗农.德思礼,玛姬.德思礼,姐姐
510,弗农.德思礼,莉莉.伊万斯,小姨
511,弗农.德思礼,伊万斯夫人,岳母
512,弗农.德思礼,伊万斯先生,岳父
513,弗农.德思礼,德思礼夫人,母亲
514,弗利蒙.波特,佩弗利尔家族,从属
515,弗利蒙.波特,格兰芬多,从属
516,弗利蒙.波特,波特家族,从属
517,弗利蒙.波特,霍格沃茨魔法学校,从属
518,弗利蒙.波特,莉莉.波特（原姓伊万斯）,儿媳
519,弗利蒙.波特,詹姆.波特,儿子
520,弗利蒙.波特,尤菲米娅.波特,妻子
521,弗利蒙.波特,金妮.波特,孙媳
522,弗利蒙.波特,哈利.波特,孙子
523,弗利蒙.波特,詹姆.小天狼星.波特,曾孙
524,弗利蒙.波特,阿不思.西弗勒斯.波特,曾孙
525,弗利蒙.波特,莉莉.卢娜.波特,曾孙女
526,弗利蒙.波特,亨利.波特,父亲
527,弗利蒙.波特,伊格诺图斯.佩弗利尔,祖先
528,弗利蒙.波特,斯廷奇库姆的林弗雷德,祖先
529,弗利蒙.波特,波特夫人（原姓弗利蒙）,祖母
530,弗雷德.韦斯莱,凤凰社,从属
531,弗雷德.韦斯莱,普威特家族,从属
532,弗雷德.韦斯莱,格兰芬多学院,从属
533,弗雷德.韦斯莱,格兰芬多魁地奇球队,从属
534,弗雷德.韦斯莱,波特瞭望站,从属
535,弗雷德.韦斯莱,邓布利多军,从属
536,弗雷德.韦斯莱,霍格沃茨魔法学校,从属
537,弗雷德.韦斯莱,韦斯莱家族,从属
538,弗雷德.韦斯莱,韦斯莱魔法把戏坊,从属
539,弗雷德.韦斯莱,罗克珊.韦斯莱,侄女
540,弗雷德.韦斯莱,弗雷德.韦斯莱二世,侄子
541,弗雷德.韦斯莱,莫丽.韦斯莱,原姓普威特
542,弗雷德.韦斯莱,乔治.韦斯莱,双胞胎弟弟
543,弗雷德.韦斯莱,比利尔斯,叔叔
544,弗雷德.韦斯莱,查理.韦斯莱,哥哥
545,弗雷德.韦斯莱,比尔.韦斯莱,哥哥
546,弗雷德.韦斯莱,珀西.韦斯莱,哥哥
547,弗雷德.韦斯莱,普威特夫人,外祖母
548,弗雷德.韦斯莱,普威特先生,外祖父
549,弗雷德.韦斯莱,哈利.波特,妹夫
550,弗雷德.韦斯莱,金妮.韦斯莱,妹妹
551,弗雷德.韦斯莱,芙蓉.德拉库尔,嫂子
552,弗雷德.韦斯莱,安吉利娜.约翰逊,弟媳
553,弗雷德.韦斯莱,赫敏.格兰杰,弟媳
554,弗雷德.韦斯莱,罗恩.韦斯莱,弟弟
555,弗雷德.韦斯莱,亚瑟.韦斯莱,父亲
556,弗雷德.韦斯莱,塞德瑞拉.布莱克,祖母
557,弗雷德.韦斯莱,塞普蒂默斯.韦斯莱,祖父
558,弗雷德.韦斯莱,吉迪翁.普威特,舅舅
559,弗雷德.韦斯莱,费比安.普威特,舅舅
560,德克.克莱斯韦,妖精联络处,从属
561,德克.克莱斯韦,霍格沃茨魔法学校,从属
562,德克.克莱斯韦,魔法部,从属
563,德克.克莱斯韦,鼻涕虫俱乐部,从属
564,德克.克莱斯韦,克莱斯韦夫人,妻子
565,德拉科.马尔福,布莱克家族,从属
566,德拉科.马尔福,德拉科.马尔福一伙人,从属
567,德拉科.马尔福,斯莱特林学院,从属
568,德拉科.马尔福,斯莱特林魁地奇球队,从属
569,德拉科.马尔福,格林格拉斯家族,从属
570,德拉科.马尔福,调查行动组,从属
571,德拉科.马尔福,霍格沃茨魔法学校,从属
572,德拉科.马尔福,食死徒,从属
573,德拉科.马尔福,马尔福家族,从属
574,德拉科.马尔福,魔法部,从属
575,德拉科.马尔福,斯科皮.马尔福,儿子
576,德拉科.马尔福,德鲁埃拉.布莱克,外祖母
577,德拉科.马尔福,西格纳斯.布莱克三世,外祖父
578,德拉科.马尔福,阿斯托里亚.格林格拉斯,妻子
579,德拉科.马尔福,安多米达.唐克斯,姨妈
580,德拉科.马尔福,贝拉特里克斯.莱斯特兰奇,姨妈
581,德拉科.马尔福,格林格拉斯家族,姻亲
582,德拉科.马尔福,达芙妮.格林格拉斯,小姨
583,德拉科.马尔福,纳西莎.马尔福,母亲
584,德拉科.马尔福,布莱克家族,母系家族
585,德拉科.马尔福,卢修斯.马尔福,父亲
586,德拉科.马尔福,马尔福家族,父系家族
587,德拉科.马尔福,阿布拉克萨斯.马尔福,祖父
588,德拉科.马尔福,泰德.唐克斯,舅舅
589,德拉科.马尔福,罗道夫斯.莱斯特兰奇,舅舅
590,德拉科.马尔福,尼法朵拉.唐克斯,表姐
591,德里安.普塞,斯莱特林学院,从属
592,德里安.普塞,斯莱特林魁地奇球队,从属
593,德里安.普塞,霍格沃茨魔法学校,从属
594,德雷克,霍格沃茨魔法学校,从属
595,忒修斯.斯卡曼德,傲罗办公室,从属
596,忒修斯.斯卡曼德,斯卡曼德家族,从属
597,忒修斯.斯卡曼德,英国魔法部,从属
598,忒修斯.斯卡曼德,蒂娜.戈德斯坦,弟媳
599,忒修斯.斯卡曼德,纽特.斯卡曼德,弟弟
600,忒修斯.斯卡曼德,莉塔.莱斯特兰奇,未婚妻
601,忒修斯.斯卡曼德,斯卡曼德夫人,母亲
602,戈德里克.格兰芬多,格兰芬多,从属
603,戈德里克.格兰芬多,霍格沃茨魔法学校,从属
604,戈德里克.格兰芬多,决斗大师,职业
605,戈德里克.格兰芬多,霍格沃茨创办者,职业
606,戈德里克.格兰芬多,霍格沃茨教授,职业
607,戴丽丝.德文特,圣芒戈魔法伤病医院,从属
608,戴丽丝.德文特,霍格沃茨魔法学校,从属
609,戴丽丝.德文特,治疗师,职业
610,戴丽丝.德文特,霍格沃茨校长,职业
611,戴维.格杰恩,格杰恩家庭,从属
612,戴维.格杰恩,霍格沃茨魔法学校,从属
613,扎卡赖斯.史密斯,史密斯家族,从属
614,扎卡赖斯.史密斯,赫奇帕奇学院,从属
615,扎卡赖斯.史密斯,赫奇帕奇魁地奇球队,从属
616,扎卡赖斯.史密斯,邓布利多军,从属
617,扎卡赖斯.史密斯,霍格沃茨魔法学校,从属
618,扎卡赖斯.史密斯,史密斯先生,父亲
619,托比亚.斯内普,斯内普家庭,从属
620,托比亚.斯内普,普林斯家庭,从属
621,托比亚.斯内普,西弗勒斯.斯内普,儿子
622,托比亚.斯内普,艾琳.普林斯,妻子
623,拉道夫斯.莱斯特兰奇,英国魔法部,从属
624,拉道夫斯.莱斯特兰奇,拉巴斯坦.莱斯特兰奇,后裔
625,拉道夫斯.莱斯特兰奇,罗道夫斯.莱斯特兰奇,后裔
626,拉道夫斯.莱斯特兰奇,莱斯特兰奇,后裔
627,提贝卢斯,魔法部,从属
628,提贝卢斯,麦克拉根家庭,从属
629,提贝卢斯,鼻涕虫俱乐部,从属
630,提贝卢斯.奥格登,奥格登家族,从属
631,提贝卢斯.奥格登,威森加摩,从属
632,提贝卢斯.奥格登,魔法部,从属
633,曼蒂.布洛贺,布洛贺家庭,从属
634,曼蒂.布洛贺,拉文克劳,从属
635,曼蒂.布洛贺,霍格沃茨魔法学校,从属
636,杜戈尔.麦格雷格,麦格雷格夫人,妻子
637,杜戈尔.麦格雷格,麦格雷格先生,父亲
638,杜戈尔.麦格雷格的妻子,杜戈尔.麦格雷格,丈夫
639,杜戈尔.麦格雷格的妻子,麦格雷格先生,公公
640,杜戈尔.麦格雷格的岳父,麦格雷格先生,亲家公
641,杜戈尔.麦格雷格的岳父,麦格雷格夫人,女儿
642,杜戈尔.麦格雷格的岳父,杜戈尔.麦格雷格,女婿
643,杜戈尔.麦格雷格的父亲,麦格雷格夫人,儿媳
644,杜戈尔.麦格雷格的父亲,杜戈尔.麦格雷格,儿子
645,杜格德.麦克费尔,英国魔法部,从属
646,杜格德.麦克费尔,霍格沃茨,从属
647,杰克.斯劳珀,格兰芬多,从属
648,杰克.斯劳珀,格兰芬多魁地奇球队,从属
649,杰克.斯劳珀,霍格沃茨魔法学校,从属
650,杰弗里.胡珀,格兰芬多,从属
651,杰弗里.胡珀,胡珀家庭,从属
652,杰弗里.胡珀,霍格沃茨魔法学校,从属
653,杰玛.法利,斯莱特林,从属
654,杰玛.法利,霍格沃茨魔法学校,从属
655,查理.韦斯莱,凤凰社,从属
656,查理.韦斯莱,普威特家族,从属
657,查理.韦斯莱,格兰芬多学院,从属
658,查理.韦斯莱,格兰芬多魁地奇球队,从属
659,查理.韦斯莱,罗马尼亚火龙保护区,从属
660,查理.韦斯莱,霍格沃茨魔法学校,从属
661,查理.韦斯莱,韦斯莱家族,从属
662,查理.韦斯莱,多米尼克.韦斯莱,侄女
663,查理.韦斯莱,维克托娃.韦斯莱,侄女
664,查理.韦斯莱,罗丝.韦斯莱,侄女
665,查理.韦斯莱,罗克珊.韦斯莱,侄女
666,查理.韦斯莱,弗雷德.韦斯莱二世,侄子
667,查理.韦斯莱,莫丽.韦斯莱二世,侄子
668,查理.韦斯莱,路易.韦斯莱,侄子
669,查理.韦斯莱,雨果.韦斯莱,侄子
670,查理.韦斯莱,露西.韦斯莱,侄子
671,查理.韦斯莱,比利尔斯,叔叔
672,查理.韦斯莱,比尔.韦斯莱,哥哥
673,查理.韦斯莱,詹姆.小天狼星.波特,外甥
674,查理.韦斯莱,莉莉.卢娜.波特,外甥女
675,查理.韦斯莱,阿不思.西弗勒斯.波特,外甥女
676,查理.韦斯莱,普威特夫人,外祖母
677,查理.韦斯莱,普威特先生,外祖父
678,查理.韦斯莱,哈利.波特,妹夫
679,查理.韦斯莱,金妮.韦斯莱,妹妹
680,查理.韦斯莱,芙蓉.德拉库尔,嫂子
681,查理.韦斯莱,奥黛丽.韦斯莱,弟媳
682,查理.韦斯莱,安吉利娜.约翰逊,弟媳
683,查理.韦斯莱,赫敏.格兰杰,弟媳
684,查理.韦斯莱,乔治.韦斯莱,弟弟
685,查理.韦斯莱,弗雷德.韦斯莱,弟弟
686,查理.韦斯莱,珀西.韦斯莱,弟弟
687,查理.韦斯莱,罗恩.韦斯莱,弟弟
688,查理.韦斯莱,莫丽.韦斯莱,母亲
689,查理.韦斯莱,亚瑟.韦斯莱,父亲
690,查理.韦斯莱,塞德瑞拉.布莱克,祖母
691,查理.韦斯莱,塞普蒂默斯.韦斯莱,祖父
692,查理.韦斯莱,吉迪翁.普威特,舅舅
693,查理.韦斯莱,费比安.普威特,舅舅
694,查莉蒂.威尔金森,傲罗,职业
695,查莉蒂.威尔金森,美国魔法国会主席,职业
696,格丝尔达.玛奇班,威森加摩,从属
697,格丝尔达.玛奇班,巫师考试管理局,从属
698,格丝尔达.玛奇班,魔法部,从属
699,格洛普,鲁伯.海格,同母异父哥哥
700,格洛普,弗里德瓦法,母亲
701,格罗根.斯顿普,塔特希尔龙卷风队,从属
702,格罗根.斯顿普,魔法部,从属
703,格韦诺格.琼斯,琼斯家族,从属
704,格韦诺格.琼斯,霍利黑德哈比队,从属
705,格韦诺格.琼斯,霍格沃茨魔法学校,从属
706,格韦诺格.琼斯,鼻涕虫俱乐部,从属
707,桃金娘.沃伦,哈利.波特,从属
708,桃金娘.沃伦,德拉科.马尔福,从属
709,桃金娘.沃伦,拉文克劳,从属
710,桃金娘.沃伦,沃伦家庭,从属
711,桃金娘.沃伦,霍格沃茨魔法学校,从属
712,桃金娘.沃伦,沃伦夫人,母亲
713,桃金娘.沃伦,沃伦先生,父亲
714,梅林,亚瑟王的宫廷,从属
715,梅林,斯莱特林,从属
716,梅林,梅林爵士团,从属
717,梅林,霍格沃茨魔法学校,从属
718,梅林达.波宾,波宾家庭,从属
719,梅林达.波宾,鼻涕虫俱乐部,从属
720,梅森,梅森家庭,从属
721,梅森的妻子,梅森家庭,从属
722,比尔.韦斯莱,凤凰社,从属
723,比尔.韦斯莱,古灵阁巫师银行,从属
724,比尔.韦斯莱,德拉库尔家族,从属
725,比尔.韦斯莱,普威特家族,从属
726,比尔.韦斯莱,格兰芬多学院,从属
727,比尔.韦斯莱,霍格沃茨魔法学校,从属
728,比尔.韦斯莱,韦斯莱家族,从属
729,比尔.韦斯莱,罗丝.韦斯莱,侄女
730,比尔.韦斯莱,罗克珊.韦斯莱,侄女
731,比尔.韦斯莱,莫丽.韦斯莱二世,侄女
732,比尔.韦斯莱,露西.韦斯莱,侄女
733,比尔.韦斯莱,弗雷德.韦斯莱二世,侄子
734,比尔.韦斯莱,雨果.韦斯莱,侄子
735,比尔.韦斯莱,路易.韦斯莱,儿子
736,比尔.韦斯莱,比利尔斯,叔叔
737,比尔.韦斯莱,阿不思.西弗勒斯.波特,外甥
738,比尔.韦斯莱,詹姆.小天狼星.波特,外甥
739,比尔.韦斯莱,莉莉.卢娜.波特,外甥女
740,比尔.韦斯莱,普威特夫人,外祖母
741,比尔.韦斯莱,普威特先生,外祖父
742,比尔.韦斯莱,多米尼克.韦斯莱,女儿
743,比尔.韦斯莱,维克托娃.韦斯莱,女儿
744,比尔.韦斯莱,哈利.波特,妹夫
745,比尔.韦斯莱,加布丽.德拉库尔,妹妹
746,比尔.韦斯莱,金妮.韦斯莱,妹妹
747,比尔.韦斯莱,芙蓉.德拉库尔,妻子
748,比尔.韦斯莱,穆丽尔,姨婆
749,比尔.韦斯莱,阿波琳.德拉库尔,岳母
750,比尔.韦斯莱,德拉库尔先生,岳父
751,比尔.韦斯莱,奥黛丽.韦斯莱,弟媳
752,比尔.韦斯莱,安吉利娜.约翰逊,弟媳
753,比尔.韦斯莱,赫敏.格兰杰,弟媳
754,比尔.韦斯莱,乔治.韦斯莱,弟弟
755,比尔.韦斯莱,弗雷德.韦斯莱,弟弟
756,比尔.韦斯莱,查理.韦斯莱,弟弟
757,比尔.韦斯莱,珀西.韦斯莱,弟弟
758,比尔.韦斯莱,罗恩.韦斯莱,弟弟
759,比尔.韦斯莱,莫丽.韦斯莱,母亲
760,比尔.韦斯莱,亚瑟.韦斯莱,父亲
761,比尔.韦斯莱,塞德瑞拉.布莱克,祖母
762,比尔.韦斯莱,塞普蒂默斯.韦斯莱,祖父
763,比尔.韦斯莱,吉迪翁.普威特,舅舅
764,比尔.韦斯莱,费比安.普威特,舅舅
765,汉娜.艾博,纳威.隆巴顿,丈夫
766,汉娜.艾博,破釜酒吧,从属
767,汉娜.艾博,艾博家族,从属
768,汉娜.艾博,赫奇帕奇,从属
769,汉娜.艾博,邓布利多军,从属
770,汉娜.艾博,隆巴顿家族,从属
771,汉娜.艾博,霍格沃茨魔法学校,从属
772,汉娜.艾博,弗兰克.隆巴顿,公公
773,汉娜.艾博,艾丽斯.隆巴顿,婆婆
774,汉娜.艾博,艾博夫人,母亲
775,汉娜.艾博,治疗师,职业
776,汉娜.艾博,破釜酒吧女老板,职业
777,汤姆.里德尔,博金-博克,从属
778,汤姆.里德尔,斯莱特林学院,从属
779,汤姆.里德尔,霍格沃茨魔法学校,从属
780,汤姆.里德尔,食死徒,从属
781,汤姆.里德尔,魔法部,从属
782,汤姆.里德尔,鼻涕虫俱乐部,从属
783,汤姆.里德尔,马沃罗.冈特,外祖父
784,汤姆.里德尔,梅洛普.冈特,母亲
785,汤姆.里德尔,老汤姆.里德尔,父亲
786,汤姆.里德尔,卡德摩斯.佩弗利尔,祖先
787,汤姆.里德尔,科维努斯.冈特,祖先
788,汤姆.里德尔,萨拉查.斯莱特林,祖先
789,汤姆.里德尔,玛丽.里德尔,祖母
790,汤姆.里德尔,托马斯.里德尔,祖父
791,汤姆.里德尔,博金-博克店员,职业
792,汤姆.里德尔,莫芬.冈特,舅舅
793,汤姆.里德尔,哈利.波特,远亲
794,汤姆.里德尔,詹姆.波特,远亲
795,沃尔布加.布莱克,奥赖恩.布莱克,丈夫
796,沃尔布加.布莱克,布莱克家族,从属
797,沃尔布加.布莱克,斯莱特林,从属
798,沃尔布加.布莱克,霍格沃茨魔法学校,从属
799,沃尔布加.布莱克,贝拉特里克斯.莱斯特兰奇,侄女
800,沃尔布加.布莱克,安多米达.唐克斯,侄女
801,沃尔布加.布莱克,纳西莎.马尔福,侄女
802,沃尔布加.布莱克,小天狼星.布莱克,儿子
803,沃尔布加.布莱克,雷古勒斯.布莱克,儿子
804,沃尔布加.布莱克,阿克图勒斯.布莱克,公公
805,沃尔布加.布莱克,马里厄斯.布莱克,叔叔
806,沃尔布加.布莱克,阿拉明塔.梅利弗伦.布莱克,堂妹
807,沃尔布加.布莱克,卢克丽霞.布莱克,大姑
808,沃尔布加.布莱克,卡西欧佩娅.布莱克,姑姑
809,沃尔布加.布莱克,多瑞娅.布莱克,姑姑
810,沃尔布加.布莱克,查勒斯.波特,姑父
811,沃尔布加.布莱克,德鲁埃拉.罗齐尔,弟媳
812,沃尔布加.布莱克,西格纳斯.布莱克三世,弟弟
813,沃尔布加.布莱克,阿尔法德.布莱克,弟弟
814,沃尔布加.布莱克,伊尔玛.克拉布,母亲
815,沃尔布加.布莱克,克拉布家族,母系家族
816,沃尔布加.布莱克,帕勒克斯.布莱克,父亲
817,沃尔布加.布莱克,布莱克家族,父系家族
818,沃尔布加.布莱克,维奥莱塔.伯斯德,祖母
819,沃尔布加.布莱克,西格纳斯.布莱克二世,祖父
820,法里斯.斯帕文,英国魔法部,从属
821,波佩图阿.范考特,拉文克劳,从属
822,波佩图阿.范考特,霍格沃茨魔法学校,从属
823,波佩图阿.范考特,发明家,职业
824,波佩图阿.范考特,天文学家,职业
825,泰瑞.布特,布特家族,从属
826,泰瑞.布特,拉文克劳,从属
827,泰瑞.布特,邓布利多军,从属
828,泰瑞.布特,霍格沃茨魔法学校,从属
829,泰瑞.布特,韦伯.布特,可能是祖先
830,洛丽丝夫人,阿格斯.费尔奇,从属
831,洛丽丝夫人,霍格沃茨魔法学校,从属
832,洛肯.麦克莱德,英国魔法部,从属
833,洛肯.麦克莱德,霍格沃茨,从属
834,爱洛伊丝.米德根,米德根家庭,从属
835,爱洛伊丝.米德根,霍格沃茨魔法学校,从属
836,爱米琳.万斯,先遣警卫,从属
837,爱米琳.万斯,凤凰社,从属
838,特拉弗斯,英国魔法部,从属
839,特拉弗斯,食死徒,从属
840,玛丽.乔安西,美国魔法国会,从属
841,玛丽.卢.巴瑞波恩,巴瑞波恩家族,从属
842,玛丽.卢.巴瑞波恩,新塞勒姆慈善协会,从属
843,玛丽.卢.巴瑞波恩,第二塞勒姆教堂,从属
844,玛丽.卢.巴瑞波恩,卡斯提蒂.巴瑞波恩,养女
845,玛丽.卢.巴瑞波恩,莫迪丝蒂.巴瑞波恩,养女
846,玛丽.卢.巴瑞波恩,克莱登斯.巴瑞波恩,养子
847,玛丽.卢.巴瑞波恩,巴托罗缪.巴瑞波恩,祖先
848,玛丽二世,威廉三世,丈夫
849,玛丽二世,亨利七世,祖先
850,玛丽二世,威廉一世,祖先
851,玛姬.德思礼,达力.德思礼,侄子
852,玛姬.德思礼,佩妮.德思礼,弟媳
853,玛姬.德思礼,弗农.德思礼,弟弟
854,玛姬.德思礼,德思礼夫人,母亲
855,玛姬.德思礼,德思礼先生,父亲
856,玛莎.斯图尔特,斯图尔特家族,从属
857,玛莎.斯图尔特,伊索特.塞耶,儿媳
858,玛莎.斯图尔特,詹姆.斯图尔特,儿子
859,玛莎.斯图尔特,玛莎.斯图尔特二世,孙女
860,玛莎.斯图尔特,雷欧娜.斯图尔特,孙女
861,珀西瓦尔.格雷维斯,格雷维斯家族,从属
862,珀西瓦尔.格雷维斯,美国魔法国会,从属
863,珀西瓦尔.格雷维斯,调查组,从属
864,珀西瓦尔.格雷维斯,魔法法律执行部,从属
865,珀西瓦尔.格雷维斯,刚度富士.格雷维斯,祖先
866,珀西瓦尔.格雷维斯,傲罗,职业
867,珀西瓦尔.格雷维斯,魔法安全主管,职业
868,珀西瓦尔.格雷维斯,魔法法律执行部司长,职业
869,瑟拉菲娜.皮奎利,伊尔弗莫尼魔法学校,从属
870,瑟拉菲娜.皮奎利,皮奎利家族,从属
871,瑟拉菲娜.皮奎利,美国魔法国会,从属
872,瑟拉菲娜.皮奎利,长角水蛇,从属
873,瑟达德.冯塔纳,美国魔法国会,从属
874,秋.张,麻瓜,丈夫
875,秋.张,张氏家庭,从属
876,秋.张,拉文克劳学院,从属
877,秋.张,拉文克劳魁地奇球队,从属
878,秋.张,邓布利多军,从属
879,秋.张,霍格沃茨魔法学校,从属
880,秋.张,张夫人,母亲
881,秋.张,张先生,父亲
882,秋.张的丈夫,张氏家庭,从属
883,秋.张的丈夫,秋.张,妻子
884,秋.张的丈夫,张夫人,岳母
885,秋.张的丈夫,张先生,岳父
886,米兰达.戈沙克,坦维斯尔.戈沙克,姐姐
887,米兰达.戈沙克,罗米达.戈沙克,姐姐
888,米兰达.戈沙克,迪亚德玛.戈沙克,姐姐
889,米兰达.戈沙克,戈沙克夫人,母亲
890,米兰达.戈沙克,戈沙克先生,父亲
891,米勒娃.麦格,埃尔芬斯通.埃尔科特,丈夫
892,米勒娃.麦格,凤凰社,从属
893,米勒娃.麦格,变形学系,从属
894,米勒娃.麦格,埃尔科特家族,从属
895,米勒娃.麦格,格兰芬多,从属
896,米勒娃.麦格,格兰芬多魁地奇球队,从属
897,米勒娃.麦格,英国魔法部(曾经),从属
898,米勒娃.麦格,邓布利多军,从属
899,米勒娃.麦格,阿不思.邓布利多,从属
900,米勒娃.麦格,霍格沃茨魔法学校,从属
901,米勒娃.麦格,魔法法律执行司,从属
902,米勒娃.麦格,麦格家族,从属
903,米勒娃.麦格,罗斯夫人,外祖母
904,米勒娃.麦格,罗斯先生,外祖父
905,米勒娃.麦格,晚于2008年但早于2017年),职业
906,米勒娃.麦格,格兰芬多学院院长(早于1975年－1998年),职业
907,米勒娃.麦格,霍格沃茨魔法学校副校长(?－1998年),职业
908,米勒娃.麦格,霍格沃茨魔法学校变形学系主任(1956年－1998年),职业
909,米勒娃.麦格,霍格沃茨魔法学校校长(1998年,职业
910,米勒娃.麦格,魔法法律执行司雇员,职业
911,米里森.巴格诺,英国魔法部,从属
912,米里森.巴格诺,霍格沃茨,从属
913,纳西莎.马尔福,卢修斯.马尔福,丈夫
914,纳西莎.马尔福,斯莱特林,从属
915,纳西莎.马尔福,马尔福家族,从属
916,纳西莎.马尔福,尼法朵拉.唐克斯,外甥女
917,纳西莎.马尔福,泰德.唐克斯,姊夫
918,纳西莎.马尔福,罗道夫斯.莱斯特兰奇,姊夫
919,纳西莎.马尔福,安多米达.唐克斯,姊姊
920,纳西莎.马尔福,贝拉特里克斯.莱斯特兰奇,姊姊
921,纳西莎.马尔福,拉巴斯坦.莱斯特兰奇,小叔
922,纳西莎.马尔福,德鲁埃拉.罗齐尔,母亲
923,纳西莎.马尔福,布莱克家族,母氏家族
924,纳西莎.马尔福,罗齐尔家族,母氏家族
925,纳西莎.马尔福,西格纳斯.布莱克三世,父亲
926,纳西莎.马尔福,伊尔玛.克拉布,祖母
927,纳西莎.马尔福,帕勒克斯.布莱克,祖父
928,纳西莎.马尔福,小天狼星.布莱克,表弟
929,纳西莎.马尔福,雷古勒斯.布莱克,表弟
930,纳西莎.马尔福,德拉科.马尔福,長子
931,纽特.斯卡曼德,斯卡曼德家族,从属
932,纽特.斯卡曼德,梅林爵士团,从属
933,纽特.斯卡曼德,英国魔法部,从属
934,纽特.斯卡曼德,赫奇帕奇学院,从属
935,纽特.斯卡曼德,霍格沃茨魔法学校,从属
936,纽特.斯卡曼德,魔法生物管理控制司,从属
937,纽特.斯卡曼德,卢娜.洛夫古德,孙媳婦
938,纽特.斯卡曼德,罗夫.斯卡曼德,孙子
939,纽特.斯卡曼德,奎妮.戈德斯坦,小姨
940,纽特.斯卡曼德,戈德斯坦夫人,岳母
941,纽特.斯卡曼德,戈德斯坦先生,岳父
942,纽特.斯卡曼德,洛肯.斯卡曼德,曾孙
943,纽特.斯卡曼德,莱桑德.斯卡曼德,曾孙
944,纽特.斯卡曼德,神奇动物学家,职业
945,纽特.斯卡曼德,魔法生物管理控制司野兽办公室,职业
946,维努西亚.奎克利,傲罗办公室,从属
947,维努西亚.奎克利,英国魔法部,从属
948,维努西亚.奎克利,傲罗,职业
949,维努西亚.奎克利,英国魔法部部长,职业
950,罗丝.韦斯莱,塞德瑞拉.布莱克,父系祖先
951,罗丝.韦斯莱,塞普蒂默斯.韦斯莱,父系祖先
952,罗丝.韦斯莱,普威特家族,从属
953,罗丝.韦斯莱,格兰杰家庭,从属
954,罗丝.韦斯莱,波特家族,从属
955,罗丝.韦斯莱,霍格沃茨魔法学校,从属
956,罗丝.韦斯莱,韦斯莱家族,从属
957,罗丝.韦斯莱,格兰杰夫人,外祖母
958,罗丝.韦斯莱,格兰杰先生,外祖父
959,罗丝.韦斯莱,金妮.韦斯莱,姑姑
960,罗丝.韦斯莱,哈利.波特,姑父
961,罗丝.韦斯莱,雨果.韦斯莱,弟弟
962,罗丝.韦斯莱,赫敏.格兰杰,母亲
963,罗丝.韦斯莱,罗恩.韦斯莱,父亲
964,罗丝.韦斯莱,莫丽.韦斯莱,祖母
965,罗丝.韦斯莱,亚瑟.韦斯莱,祖父
966,罗丝.韦斯莱,詹姆.小天狼星.波特,表兄弟
967,罗丝.韦斯莱,莉莉.卢娜.波特,表姐妹
968,罗丝.韦斯莱,阿不思.西弗勒斯.波特,表弟
969,罗伊斯顿.埃德温德,ICWQC国际主管,职业
970,罗伊斯顿.埃德温德,澳大利亚魁地奇国家队追球手,职业
971,罗伊登.波克,魔法生物管理控制司,从属
972,罗伊登.波克,魔法部,从属
973,罗伊纳.拉文克劳,拉文克劳家族,从属
974,罗伊纳.拉文克劳,霍格沃茨魔法学校,从属
975,罗伊纳.拉文克劳,海莲娜.拉文克劳,女儿
976,罗伯特.葛林斯汀奇,美国魔法国会,从属
977,罗恩.韦斯莱,傲罗办公室,从属
978,罗恩.韦斯莱,凤凰社,从属
979,罗恩.韦斯莱,哈利.波特,从属
980,罗恩.韦斯莱,家养小精灵解放阵线,从属
981,罗恩.韦斯莱,普威特家族,从属
982,罗恩.韦斯莱,查德里火炮队,从属
983,罗恩.韦斯莱,格兰杰家庭,从属
984,罗恩.韦斯莱,格兰芬多魁地奇球队,从属
985,罗恩.韦斯莱,邓布利多军,从属
986,罗恩.韦斯莱,霍格沃茨魔法学校,从属
987,罗恩.韦斯莱,韦斯莱家族,从属
988,罗恩.韦斯莱,韦斯莱魔法把戏坊,从属
989,罗恩.韦斯莱,魔法部,从属
990,罗恩.韦斯莱,多米尼克.韦斯莱,侄女
991,罗恩.韦斯莱,维克托娃.韦斯莱,侄女
992,罗恩.韦斯莱,罗克珊.韦斯莱,侄女
993,罗恩.韦斯莱,莫丽.韦斯莱二世,侄女
994,罗恩.韦斯莱,露西.韦斯莱,侄女
995,罗恩.韦斯莱,弗雷德.韦斯莱二世,侄子
996,罗恩.韦斯莱,路易.韦斯莱,侄子
997,罗恩.韦斯莱,雨果.韦斯莱,儿子
998,罗恩.韦斯莱,哈利.波特,内弟
999,罗恩.韦斯莱,比利尔斯,叔叔
1000,罗恩.韦斯莱,乔治.韦斯莱,哥哥
1001,罗恩.韦斯莱,弗雷德.韦斯莱,哥哥
1002,罗恩.韦斯莱,查理.韦斯莱,哥哥
1003,罗恩.韦斯莱,比尔.韦斯莱,哥哥
1004,罗恩.韦斯莱,珀西.韦斯莱,哥哥
1005,罗恩.韦斯莱,阿不思.西弗勒斯.波特,外甥
1006,罗恩.韦斯莱,詹姆.小天狼星.波特,外甥
1007,罗恩.韦斯莱,莉莉.卢娜.波特,外甥女
1008,罗恩.韦斯莱,普威特夫人,外祖母
1009,罗恩.韦斯莱,普威特先生,外祖父
1010,罗恩.韦斯莱,罗丝.韦斯莱,女儿
1011,罗恩.韦斯莱,金妮.韦斯莱,妹妹
1012,罗恩.韦斯莱,赫敏.格兰杰,妻子
1013,罗恩.韦斯莱,泰丝,姨婆
1014,罗恩.韦斯莱,穆丽尔,姨婆
1015,罗恩.韦斯莱,奥黛丽.韦斯莱,嫂子
1016,罗恩.韦斯莱,安吉利娜.约翰逊,嫂子
1017,罗恩.韦斯莱,芙蓉.德拉库尔,嫂子
1018,罗恩.韦斯莱,格兰杰夫人,岳母
1019,罗恩.韦斯莱,格兰杰先生,岳父
1020,罗恩.韦斯莱,莫丽.韦斯莱，原姓普威特,母亲
1021,罗恩.韦斯莱,亚瑟.韦斯莱,父亲
1022,罗恩.韦斯莱,塞德瑞拉.布莱克,祖母
1023,罗恩.韦斯莱,塞普蒂默斯.韦斯莱,祖父
1024,罗恩.韦斯莱,傲罗,职业
1025,罗恩.韦斯莱,韦斯莱魔法把戏坊雇员,职业
1026,罗恩.韦斯莱,吉迪翁.普威特,舅舅
1027,罗恩.韦斯莱,费比安.普威特,舅舅
1028,老亨利.肖,兰登.肖,儿子
1029,老亨利.肖,小亨利.肖,儿子
1030,老罗伯特.麦格,小罗伯特.麦格,儿子
1031,老罗伯特.麦格,马尔科姆.麦格,儿子
1032,老罗伯特.麦格,米勒娃,太岳母
1033,老罗伯特.麦格,米勒娃.麦格,女儿
1034,老罗伯特.麦格,埃尔芬斯通.埃尔科特,女婿
1035,老罗伯特.麦格,伊泽贝尔.罗斯,妻子
1036,老罗伯特.麦格,罗斯夫人,岳母
1037,老罗伯特.麦格,罗斯先生,岳父
1038,老罗伯特.麦格,麦格夫人,母亲
1039,老罗伯特.麦格,麦格先生,父亲
1040,老罗伯特.麦格的母亲,麦格先生,丈夫
1041,老罗伯特.麦格的母亲,伊泽贝尔.罗斯,儿媳
1042,老罗伯特.麦格的母亲,老罗伯特.麦格,儿子
1043,老罗伯特.麦格的母亲,米勒娃.麦格,孙女
1044,老罗伯特.麦格的母亲,小罗伯特.麦格,孙子
1045,老罗伯特.麦格的母亲,马尔科姆.麦格,孙子
1046,老罗伯特.麦格的父亲,伊泽贝尔.罗斯,儿媳
1047,老罗伯特.麦格的父亲,老罗伯特.麦格,儿子
1048,老罗伯特.麦格的父亲,麦格夫人,妻子
1049,老罗伯特.麦格的父亲,米勒娃.麦格,孙女
1050,老罗伯特.麦格的父亲,小罗伯特.麦格,孙子
1051,老罗伯特.麦格的父亲,马尔科姆.麦格,孙子
1052,考迈克.奥布莱恩,美国魔法国会,从属
1053,肯尼思.托勒,霍格沃茨魔法学校,从属
1054,胖修士,天主教堂,从属
1055,胖修士,霍格沃茨魔法学校,从属
1056,芒戈.麦克达夫,美国魔法国会,从属
1057,芙蓉.德拉库尔,比尔.韦斯莱,丈夫
1058,芙蓉.德拉库尔,韦斯莱家族,亲家
1059,芙蓉.德拉库尔,凤凰社,从属
1060,芙蓉.德拉库尔,古灵阁巫师银行,从属
1061,芙蓉.德拉库尔,哈利.波特,从属
1062,芙蓉.德拉库尔,布斯巴顿魔法学院,从属
1063,芙蓉.德拉库尔,德拉库尔家族,从属
1064,芙蓉.德拉库尔,韦斯莱家族,从属
1065,芙蓉.德拉库尔,莉莉.卢娜.波特,侄女
1066,芙蓉.德拉库尔,詹姆.小天狼星.波特,侄子
1067,芙蓉.德拉库尔,阿不思.西弗勒斯.波特,侄子
1068,芙蓉.德拉库尔,路易.韦斯莱,儿子
1069,芙蓉.德拉库尔,亚瑟.韦斯莱,公公
1070,芙蓉.德拉库尔,弗雷德.韦斯莱二世,外甥
1071,芙蓉.德拉库尔,雨果.韦斯莱,外甥
1072,芙蓉.德拉库尔,罗丝.韦斯莱,外甥女
1073,芙蓉.德拉库尔,罗克珊.韦斯莱,外甥女
1074,芙蓉.德拉库尔,莫丽.韦斯莱二世,外甥女
1075,芙蓉.德拉库尔,露西.韦斯莱,外甥女
1076,芙蓉.德拉库尔,维克托娃.韦斯莱,女儿
1077,芙蓉.德拉库尔,多米尼克.韦斯莱,女儿
1078,芙蓉.德拉库尔,哈利.波特,妹夫
1079,芙蓉.德拉库尔,加布丽.德拉库尔,妹妹
1080,芙蓉.德拉库尔,莫丽.韦斯莱,婆婆
1081,芙蓉.德拉库尔,奥黛丽.韦斯莱,嫂子
1082,芙蓉.德拉库尔,安吉利娜.约翰逊,嫂子
1083,芙蓉.德拉库尔,金妮.韦斯莱,小姑
1084,芙蓉.德拉库尔,赫敏.格兰杰,弟媳
1085,芙蓉.德拉库尔,乔治.韦斯莱,弟弟
1086,芙蓉.德拉库尔,弗雷德.韦斯莱,弟弟
1087,芙蓉.德拉库尔,查理.韦斯莱,弟弟
1088,芙蓉.德拉库尔,珀西.韦斯莱,弟弟
1089,芙蓉.德拉库尔,罗恩.韦斯莱,弟弟
1090,芙蓉.德拉库尔,阿波琳.德拉库尔,母亲
1091,芙蓉.德拉库尔,德拉库尔先生,父亲
1092,芬里尔.格雷伯克,伏地魔,从属
1093,芬里尔.格雷伯克,搜捕队员,从属
1094,芬里尔.格雷伯克,狼人军队,从属
1095,芬里尔.格雷伯克,食死徒(非正式成员),从属
1096,苏珊.博恩斯,博恩斯家庭,从属
1097,苏珊.博恩斯,赫奇帕奇,从属
1098,苏珊.博恩斯,邓布利多军,从属
1099,苏珊.博恩斯,霍格沃茨魔法学校,从属
1100,苏珊.博恩斯,埃德加.博恩斯,叔叔
1101,苏珊.博恩斯,埃德加.博恩斯的孩子,堂兄弟
1102,苏珊.博恩斯,阿米莉亚.博恩斯,姑姑
1103,苏珊.博恩斯,博恩斯夫人,婶婶
1104,苏珊.博恩斯,博恩斯夫人,祖母
1105,苏珊.博恩斯,博恩斯先生,祖父
1106,莉莉.伊万斯,詹姆.波特,丈夫
1107,莉莉.伊万斯,波特家族,亲家
1108,莉莉.伊万斯,伊万斯家庭,从属
1109,莉莉.伊万斯,凤凰社,从属
1110,莉莉.伊万斯,格兰芬多,从属
1111,莉莉.伊万斯,波特家族,从属
1112,莉莉.伊万斯,霍格沃茨魔法学校,从属
1113,莉莉.伊万斯,鼻涕虫俱乐部,从属
1114,莉莉.伊万斯,金妮.韦斯莱,儿媳
1115,莉莉.伊万斯,哈利.波特,儿子
1116,莉莉.伊万斯,弗利蒙.波特,公公
1117,莉莉.伊万斯,佩妮.德思礼,原姓伊万斯
1118,莉莉.伊万斯,达力.德思礼,外甥
1119,莉莉.伊万斯,弗农.德思礼,姐夫
1120,莉莉.伊万斯,尤菲米娅.波特,婆婆
1121,莉莉.伊万斯,莉莉.卢娜.波特,孙女
1122,莉莉.伊万斯,詹姆.小天狼星.波特,孙子
1123,莉莉.伊万斯,阿不思.西弗勒斯.波特,孙子
1124,莉莉.伊万斯,伊万斯夫人,母亲
1125,莉莉.伊万斯,伊万斯先生,父亲
1126,莉莎.杜平,拉文克劳,从属
1127,莉莎.杜平,霍格沃茨魔法学校,从属
1128,莎莉安.波克斯,波克斯家庭,从属
1129,莎莉安.波克斯,霍格沃茨魔法学校,从属
1130,莫恩,莫恩家族,从属
1131,莫恩,霍格沃茨魔法学校,从属
1132,莫迪丝蒂.巴瑞波恩的兄弟姐妹,莫迪丝蒂.巴瑞波恩,姐姐
1133,莫迪丝蒂.巴瑞波恩的母亲,莫迪丝蒂.巴瑞波恩,女儿
1134,莫迪丝蒂.巴瑞波恩的父亲,莫迪丝蒂.巴瑞波恩,女儿
1135,莱姆斯.卢平,凤凰社,从属
1136,莱姆斯.卢平,劫盗者,从属
1137,莱姆斯.卢平,卢平家族,从属
1138,莱姆斯.卢平,唐克斯家庭,从属
1139,莱姆斯.卢平,波特家族,从属
1140,莱姆斯.卢平,霍格沃茨魔法学校,从属
1141,莱姆斯.卢平,泰迪.卢平,儿子
1142,莱姆斯.卢平,尼法朵拉.唐克斯,妻子
1143,莱姆斯.卢平,安多米达.唐克斯,岳母
1144,莱姆斯.卢平,泰德.唐克斯,岳父
1145,莱姆斯.卢平,霍普.卢平,母亲
1146,莱姆斯.卢平,莱尔.卢平,父亲
1147,菲尼亚斯.奈杰勒斯.布莱克,布莱克家族,从属
1148,菲尼亚斯.奈杰勒斯.布莱克,霍格沃茨魔法学校,从属
1149,菲尼亚斯.奈杰勒斯.布莱克,海斯帕.甘普,儿媳
1150,菲尼亚斯.奈杰勒斯.布莱克,维奥莱塔.伯斯德,儿媳
1151,菲尼亚斯.奈杰勒斯.布莱克,莱桑德拉.亚克斯利,儿媳
1152,菲尼亚斯.奈杰勒斯.布莱克,天狼星.布莱克二世,儿子
1153,菲尼亚斯.奈杰勒斯.布莱克,菲尼亚斯.布莱克,儿子
1154,菲尼亚斯.奈杰勒斯.布莱克,西格纳斯.布莱克二世,儿子
1155,菲尼亚斯.奈杰勒斯.布莱克,阿克图勒斯.布莱克二世,儿子
1156,菲尼亚斯.奈杰勒斯.布莱克,天狼星.布莱克一世,哥哥
1157,菲尼亚斯.奈杰勒斯.布莱克,贝尔维娜.布莱克,女儿
1158,菲尼亚斯.奈杰勒斯.布莱克,赫伯特.博克,女婿
1159,菲尼亚斯.奈杰勒斯.布莱克,鲍勃.希钦斯,妹夫
1160,菲尼亚斯.奈杰勒斯.布莱克,埃拉朵拉.布莱克,妹妹
1161,菲尼亚斯.奈杰勒斯.布莱克,约拉.布莱克,妹妹
1162,菲尼亚斯.奈杰勒斯.布莱克,乌尔苏拉.弗林特,妻子
1163,菲尼亚斯.奈杰勒斯.布莱克,卡莉朵拉.布莱克,孙女
1164,菲尼亚斯.奈杰勒斯.布莱克,卡西欧佩娅.布莱克,孙女
1165,菲尼亚斯.奈杰勒斯.布莱克,塞德瑞拉.布莱克,孙女
1166,菲尼亚斯.奈杰勒斯.布莱克,多瑞娅.布莱克,孙女
1167,菲尼亚斯.奈杰勒斯.布莱克,查莉丝.布莱克,孙女
1168,菲尼亚斯.奈杰勒斯.布莱克,莱克里丝.布莱克,孙女
1169,菲尼亚斯.奈杰勒斯.布莱克,帕勒克斯.布莱克,孙子
1170,菲尼亚斯.奈杰勒斯.布莱克,阿克图勒斯.布莱克三世,孙子
1171,菲尼亚斯.奈杰勒斯.布莱克,雷古勒斯.布莱克一世,孙子
1172,菲尼亚斯.奈杰勒斯.布莱克,马里厄斯.布莱克,孙子
1173,萨拉查.斯莱特林,斯莱特林,从属
1174,萨拉查.斯莱特林,斯莱特林家族,从属
1175,萨拉查.斯莱特林,霍格沃茨魔法学校,从属
1176,葛姆蕾.冈特,冈特家族,从属
1177,葛姆蕾.冈特,斯莱特林家族,从属
1178,葛姆蕾.冈特,伊索特.塞耶,外甥女
1179,葛姆蕾.冈特,威廉.塞耶,妹夫
1180,葛姆蕾.冈特,雷欧娜.塞耶,妹妹
1181,葛姆蕾.冈特,卡德摩斯.佩弗利尔,祖先
1182,葛姆蕾.冈特,萨拉查.斯莱特林,祖先
1183,蒙太,斯莱特林学院,从属
1184,蒙太,斯莱特林魁地奇球队,从属
1185,蒙太,蒙太家庭,从属
1186,蒙太,调查行动组,从属
1187,蒙太,霍格沃茨魔法学校,从属
1188,西尔瓦努斯.凯特尔伯恩,凯特尔伯恩家庭,从属
1189,西尔瓦努斯.凯特尔伯恩,赫奇帕奇学院,从属
1190,西尔瓦努斯.凯特尔伯恩,霍格沃茨魔法学校,从属
1191,西尔瓦努斯.凯特尔伯恩,凯特尔伯恩夫人,母亲
1192,西尔瓦努斯.凯特尔伯恩,凯特尔伯恩先生,父亲
1193,西弗勒斯.斯内普,凤凰社,从属
1194,西弗勒斯.斯内普,斯内普家庭,从属
1195,西弗勒斯.斯内普,斯莱特林,从属
1196,西弗勒斯.斯内普,普林斯家庭,从属
1197,西弗勒斯.斯内普,莉莉.伊万斯,从属
1198,西弗勒斯.斯内普,阿不思.邓布利多,从属
1199,西弗勒斯.斯内普,霍格沃茨魔法学校,从属
1200,西弗勒斯.斯内普,食死徒,从属
1201,西弗勒斯.斯内普,艾琳.普林斯,母亲
1202,西弗勒斯.斯内普,托比亚.斯内普,父亲
1203,西弗勒斯.斯内普,霍格沃茨校长,职业
1204,西弗勒斯.斯内普,霍格沃茨魔药课教师,职业
1205,西弗勒斯.斯内普,霍格沃茨黑魔法防御术教授,职业
1206,西格纳斯.布莱克三世,布莱克家族,从属
1207,西格纳斯.布莱克三世,霍格沃茨魔法学校,从属
1208,西格纳斯.布莱克三世,阿尔法德.布莱克,哥哥
1209,西格纳斯.布莱克三世,德拉科.马尔福,外孙
1210,西格纳斯.布莱克三世,尼法朵拉.唐克斯,外孙女
1211,西格纳斯.布莱克三世,小天狼星.布莱克,外甥
1212,西格纳斯.布莱克三世,雷古勒斯.布莱克,外甥
1213,西格纳斯.布莱克三世,贝拉特里克斯.莱斯特兰奇,女儿
1214,西格纳斯.布莱克三世,安多米达.唐克斯,女儿
1215,西格纳斯.布莱克三世,纳西莎.马尔福,女儿
1216,西格纳斯.布莱克三世,泰德.唐克斯,女婿
1217,西格纳斯.布莱克三世,卢修斯.马尔福,女婿
1218,西格纳斯.布莱克三世,罗道夫斯.莱斯特兰奇,女婿
1219,西格纳斯.布莱克三世,德鲁埃拉.罗齐尔,妻子
1220,西格纳斯.布莱克三世,沃尔布加.布莱克,姐姐
1221,西格纳斯.布莱克三世,伊尔玛.克拉布,母亲
1222,西格纳斯.布莱克三世,帕勒克斯.布莱克,父亲
1223,西格纳斯.布莱克三世,维奥莱塔.伯斯德,祖母
1224,西格纳斯.布莱克三世,西格纳斯.布莱克,祖父
1225,西格纳斯.布莱克三世,奥赖恩.布莱克,表哥
1226,西比尔.特里劳尼,凤凰社,从属
1227,西比尔.特里劳尼,拉文克劳学院,从属
1228,西比尔.特里劳尼,特里劳尼家族,从属
1229,西比尔.特里劳尼,邓布利多军,从属
1230,西比尔.特里劳尼,霍格沃茨魔法学校,从属
1231,西比尔.特里劳尼,鼻涕虫俱乐部,从属
1232,西比尔.特里劳尼,希格尔博特姆,前夫
1233,西比尔.特里劳尼,特里劳尼夫人,母亲
1234,西比尔.特里劳尼,特里劳尼先生,父亲
1235,西比尔.特里劳尼,卡桑德拉.特里劳尼,高祖母
1236,西莫.斐尼甘,斐尼甘家庭,从属
1237,西莫.斐尼甘,爱尔兰,从属
1238,西莫.斐尼甘,邓布利多军,从属
1239,西莫.斐尼甘,霍格沃茨魔法学校,从属
1240,西莫.斐尼甘,斐尼甘夫人,母亲
1241,西莫.斐尼甘,菲戈,母系表哥
1242,西莫.斐尼甘,斐尼甘先生,父亲
1243,西莫.斐尼甘的父亲,菲戈,侄子
1244,西莫.斐尼甘的父亲,西莫.斐尼甘,儿子
1245,西莫.斐尼甘的父亲,斐尼甘夫人,妻子
1246,詹姆.小天狼星.波特,佩弗利尔家族,从属
1247,詹姆.小天狼星.波特,普威特家族,从属
1248,詹姆.小天狼星.波特,波特家族,从属
1249,詹姆.小天狼星.波特,霍格沃茨魔法学校,从属
1250,詹姆.小天狼星.波特,韦斯莱家族,从属
1251,詹姆.小天狼星.波特,亚瑟.韦斯莱,外公
1252,詹姆.小天狼星.波特,莫莉.韦斯莱,外婆
1253,詹姆.小天狼星.波特,莉莉.波特,奶奶
1254,詹姆.小天狼星.波特,莉莉.卢娜.波特,妹妹
1255,詹姆.小天狼星.波特,阿不思.西弗勒斯.波特,弟弟
1256,詹姆.小天狼星.波特,金妮.韦斯莱,母亲
1257,詹姆.小天狼星.波特,哈利.波特,父亲
1258,詹姆.小天狼星.波特,伊格诺图斯.佩弗利尔,父系祖先
1259,詹姆.小天狼星.波特,詹姆.波特一世,爷爷
1260,詹姆.小天狼星.波特,赫敏.韦斯莱,舅母
1261,詹姆.小天狼星.波特,罗恩.韦斯莱,舅舅
1262,詹姆.小天狼星.波特,罗丝.韦斯莱,表妹
1263,詹姆.小天狼星.波特,雨果.韦斯莱,表弟
1264,詹姆.斯图尔特,查威克.布特,养子
1265,詹姆.斯图尔特,韦伯.布特,养子
1266,詹姆.斯图尔特,玛莎.斯图尔特二世,女儿
1267,詹姆.斯图尔特,雷欧娜.斯图尔特,女儿
1268,詹姆.斯图尔特,伊索特.塞耶,妻子
1269,詹姆.斯图尔特,玛莎.斯图尔特,母亲
1270,詹姆.斯图尔特,伊尔弗莫尼魔法学校校长及创办者,职业
1271,詹姆.斯图尔特,石匠,职业
1272,詹姆.波特,亨利.波特,祖父
1273,詹姆.波特,伊格诺图斯.佩弗利尔,父系祖先
1274,詹姆.波特,哈德温.波特,父系祖先
1275,詹姆.波特,尤菲米娅.波特,母亲
1276,詹姆.波特,弗利蒙.波特,父亲
1277,詹姆.波特,斯廷奇库姆的林弗雷德,父系祖先
1278,詹姆.波特,罗尔斯顿.波特,父系祖先
1279,詹姆.波特,艾欧兰斯.佩弗利尔,父系祖先
1280,詹姆.波特,伊万斯家庭,从属
1281,詹姆.波特,凤凰社,从属
1282,詹姆.波特,劫盗者,从属
1283,詹姆.波特,格兰芬多,从属
1284,詹姆.波特,格兰芬多魁地奇球队,从属
1285,詹姆.波特,波特家族,从属
1286,詹姆.波特,霍格沃茨魔法学校,从属
1287,詹姆.波特,金妮.韦斯莱,儿媳
1288,詹姆.波特,哈利.波特,儿子
1289,詹姆.波特,佩妮.德思礼,大姨
1290,詹姆.波特,莉莉.伊万斯,妻子
1291,詹姆.波特,达力.德思礼,姨甥
1292,詹姆.波特,莉莉.卢娜.波特,孙女
1293,詹姆.波特,詹姆.小天狼星.波特,孙子
1294,詹姆.波特,阿不思.西弗勒斯.波特,孙子
1295,詹姆.波特,伊万斯夫人,岳母
1296,詹姆.波特,伊万斯先生,岳父
1297,詹姆.波特,弗农.德思礼,襟兄
1298,诺比.利奇,英国魔法部,从属
1299,贝希尔德.罗氏,美国魔法国会,从属
1300,贝拉特里克斯.莱斯特兰奇,罗道夫斯.莱斯特兰奇,丈夫
1301,贝拉特里克斯.莱斯特兰奇,莱斯特兰奇家族,亲家
1302,贝拉特里克斯.莱斯特兰奇,伏地魔,从属
1303,贝拉特里克斯.莱斯特兰奇,布莱克家族,从属
1304,贝拉特里克斯.莱斯特兰奇,斯莱特林,从属
1305,贝拉特里克斯.莱斯特兰奇,罗齐尔家族,从属
1306,贝拉特里克斯.莱斯特兰奇,莱斯特兰奇家族,从属
1307,贝拉特里克斯.莱斯特兰奇,霍格沃茨魔法学校,从属
1308,贝拉特里克斯.莱斯特兰奇,食死徒,从属
1309,贝拉特里克斯.莱斯特兰奇,德拉科.马尔福,外甥
1310,贝拉特里克斯.莱斯特兰奇,尼法朵拉.唐克斯,外甥女
1311,贝拉特里克斯.莱斯特兰奇,卢修斯.马尔福,妹夫
1312,贝拉特里克斯.莱斯特兰奇,泰德.唐克斯,妹夫
1313,贝拉特里克斯.莱斯特兰奇,安多米达.唐克斯,妹妹
1314,贝拉特里克斯.莱斯特兰奇,纳西莎.马尔福,妹妹
1315,贝拉特里克斯.莱斯特兰奇,拉巴斯坦.莱斯特兰奇,小叔
1316,贝拉特里克斯.莱斯特兰奇,德鲁埃拉.罗齐尔,母亲
1317,贝拉特里克斯.莱斯特兰奇,布莱克家族,母氏家族
1318,贝拉特里克斯.莱斯特兰奇,罗齐尔家族,母氏家族
1319,贝拉特里克斯.莱斯特兰奇,西格纳斯.布莱克三世,父亲
1320,贝拉特里克斯.莱斯特兰奇,伊尔玛.克拉布,祖母
1321,贝拉特里克斯.莱斯特兰奇,帕勒克斯.布莱克,祖父
1322,贝拉特里克斯.莱斯特兰奇,小天狼星.布莱克,表弟
1323,贝拉特里克斯.莱斯特兰奇,雷古勒斯.布莱克,表弟
1324,费比安.普威特,凤凰社,从属
1325,费比安.普威特,普威特家族,从属
1326,费比安.普威特,伊格内修斯.普威特,叔叔
1327,费比安.普威特,比利尔斯,可能是兄弟
1328,费比安.普威特,吉迪翁.普威特,哥哥
1329,费比安.普威特,亚瑟.韦斯莱,妹夫
1330,费比安.普威特,莫丽.韦斯莱,妹妹
1331,费比安.普威特,穆丽尔,姨妈
1332,费比安.普威特,普威特夫人,母亲
1333,费比安.普威特,普威特先生,父亲
1334,费比安.普威特,卢克丽霞.布莱克,阿姨
1335,赫尔加.赫奇帕奇,赫奇帕奇,从属
1336,赫尔加.赫奇帕奇,赫奇帕奇家族,从属
1337,赫尔加.赫奇帕奇,霍格沃茨魔法学校,从属
1338,赫尔加.赫奇帕奇,赫普兹巴.史密斯,后裔
1339,赫尔加.赫奇帕奇,霍格沃茨创办者,职业
1340,赫尔加.赫奇帕奇,霍格沃茨教授,职业
1341,赫尔穆特.魏斯,美国魔法国会,从属
1342,赫敏.格兰杰,罗恩.韦斯莱,丈夫
1343,赫敏.格兰杰,S.P.E.W.,从属
1344,赫敏.格兰杰,凤凰社,从属
1345,赫敏.格兰杰,哈利.波特,从属
1346,赫敏.格兰杰,家养小精灵权益促进会,从属
1347,赫敏.格兰杰,格兰杰家庭,从属
1348,赫敏.格兰杰,邓布利多军,从属
1349,赫敏.格兰杰,霍格沃茨,从属
1350,赫敏.格兰杰,韦斯莱家族,从属
1351,赫敏.格兰杰,魔法法律执行司,从属
1352,赫敏.格兰杰,魔法生物管理控制司,从属
1353,赫敏.格兰杰,魔法部,从属
1354,赫敏.格兰杰,鼻涕虫俱乐部,从属
1355,赫敏.格兰杰,莉莉.波特,侄女
1356,赫敏.格兰杰,阿不思.波特,侄子
1357,赫敏.格兰杰,詹姆.小天狼星.波特,侄子
1358,赫敏.格兰杰,雨果.韦斯莱,儿子
1359,赫敏.格兰杰,亚瑟.韦斯莱,公公
1360,赫敏.格兰杰,赫托克.达格沃斯-格兰杰,可能为远亲
1361,赫敏.格兰杰,乔治.韦斯莱,哥哥
1362,赫敏.格兰杰,弗雷德.韦斯莱,哥哥
1363,赫敏.格兰杰,查理.韦斯莱,哥哥
1364,赫敏.格兰杰,比尔.韦斯莱,哥哥
1365,赫敏.格兰杰,珀西.韦斯莱,哥哥
1366,赫敏.格兰杰,弗雷德.韦斯莱,外甥
1367,赫敏.格兰杰,路易.韦斯莱,外甥
1368,赫敏.格兰杰,多米尼克.韦斯莱,外甥女
1369,赫敏.格兰杰,维克托娃.韦斯莱,外甥女
1370,赫敏.格兰杰,罗克珊.韦斯莱,外甥女
1371,赫敏.格兰杰,莫丽.韦斯莱,外甥女
1372,赫敏.格兰杰,露西.韦斯莱,外甥女
1373,赫敏.格兰杰,罗丝.韦斯莱,女儿
1374,赫敏.格兰杰,哈利.波特,妹夫
1375,赫敏.格兰杰,莫丽.韦斯莱,婆婆
1376,赫敏.格兰杰,奥黛丽.韦斯莱,嫂子
1377,赫敏.格兰杰,安吉利娜.约翰逊,嫂子
1378,赫敏.格兰杰,芙蓉.德拉库尔,嫂子
1379,赫敏.格兰杰,金妮.韦斯莱,小姑
1380,赫敏.格兰杰,格兰杰夫人,母亲
1381,赫敏.格兰杰,格兰杰先生,父亲
1382,赫敏.格兰杰,魔法法律执行司副司长,职业
1383,赫敏.格兰杰,魔法生物管理控制司,职业
1384,赫斯菲斯托斯.戈尔,傲罗办公室,从属
1385,赫斯菲斯托斯.戈尔,英国魔法部,从属
1386,赫斯菲斯托斯.戈尔,傲罗,职业
1387,赫斯菲斯托斯.戈尔,英国魔法部部长,职业
1388,路威,霍格沃茨魔法学校,从属
1389,路威,鲁伯.海格,从属
1390,达力.德思礼,他的同伙,从属
1391,达力.德思礼,德思礼家庭,从属
1392,达力.德思礼,斯梅廷中学,从属
1393,达力.德思礼,伊万斯夫人,外祖母
1394,达力.德思礼,伊万斯先生,外祖父
1395,达力.德思礼,德思礼夫人,妻子
1396,达力.德思礼,玛姬.德思礼,姑妈
1397,达力.德思礼,莉莉.波特,姨妈
1398,达力.德思礼,詹姆.波特,姨父
1399,达力.德思礼,达力.德思礼的孩子,孩子
1400,达力.德思礼,佩妮.德思礼,母亲
1401,达力.德思礼,弗农.德思礼,父亲
1402,达力.德思礼,德思礼夫人,祖母
1403,达力.德思礼,德思礼先生,祖父
1404,达力.德思礼,詹姆.小天狼星.波特,表外甥
1405,达力.德思礼,阿不思.西弗勒斯.波特,表外甥
1406,达力.德思礼,莉莉.卢娜.波特,表外甥女
1407,达力.德思礼,哈利.波特,表弟
1408,达力.德思礼,金妮.波特,表弟媳
1409,达芙妮.格林格拉斯,斯莱特林,从属
1410,达芙妮.格林格拉斯,格林格拉斯家族,从属
1411,达芙妮.格林格拉斯,霍格沃茨魔法学校,从属
1412,达芙妮.格林格拉斯,斯科皮.马尔福,侄子
1413,达芙妮.格林格拉斯,德拉科.马尔福,妹夫
1414,达芙妮.格林格拉斯,阿斯托里亚.格林格拉斯,妹妹
1415,金妮.韦斯莱,哈利.波特,丈夫
1416,金妮.韦斯莱,《预言家日报》,从属
1417,金妮.韦斯莱,凤凰社,从属
1418,金妮.韦斯莱,普威特家庭,从属
1419,金妮.韦斯莱,格兰芬多,从属
1420,金妮.韦斯莱,格兰芬多魁地奇球队,从属
1421,金妮.韦斯莱,波特家族,从属
1422,金妮.韦斯莱,邓布利多军,从属
1423,金妮.韦斯莱,霍利黑德哈比队,从属
1424,金妮.韦斯莱,霍格沃茨魔法学校,从属
1425,金妮.韦斯莱,韦斯莱家族,从属
1426,金妮.韦斯莱,鼻涕虫俱乐部,从属
1427,金妮.韦斯莱,多米尼克.韦斯莱,侄女
1428,金妮.韦斯莱,维克托娃.韦斯莱,侄女
1429,金妮.韦斯莱,罗丝.韦斯莱,侄女
1430,金妮.韦斯莱,罗克珊.韦斯莱,侄女
1431,金妮.韦斯莱,莫丽.韦斯莱二世,侄女
1432,金妮.韦斯莱,露西.韦斯莱,侄女
1433,金妮.韦斯莱,弗雷德.韦斯莱二世,侄子
1434,金妮.韦斯莱,路易.韦斯莱,侄子
1435,金妮.韦斯莱,雨果.韦斯莱,侄子
1436,金妮.韦斯莱,詹姆.小天狼星.波特,儿子
1437,金妮.韦斯莱,阿不思.西弗勒斯.波特,儿子
1438,金妮.韦斯莱,詹姆.波特,公公
1439,金妮.韦斯莱,比利尔斯,叔叔
1440,金妮.韦斯莱,弗雷德.韦斯莱,哥哥
1441,金妮.韦斯莱,乔治.韦斯莱,哥哥
1442,金妮.韦斯莱,查理.韦斯莱,哥哥
1443,金妮.韦斯莱,比尔.韦斯莱,哥哥
1444,金妮.韦斯莱,珀西.韦斯莱,哥哥
1445,金妮.韦斯莱,罗恩.韦斯莱,哥哥
1446,金妮.韦斯莱,普威特夫人,外祖母
1447,金妮.韦斯莱,普威特先生,外祖父
1448,金妮.韦斯莱,莉莉.卢娜.波特,女儿
1449,金妮.韦斯莱,莉莉.波特,婆婆
1450,金妮.韦斯莱,奥黛丽.韦斯莱,嫂子
1451,金妮.韦斯莱,安吉利娜.约翰逊,嫂子
1452,金妮.韦斯莱,芙蓉.德拉库尔,嫂子
1453,金妮.韦斯莱,赫敏.格兰杰,嫂子
1454,金妮.韦斯莱,莫丽.韦斯莱,母亲
1455,金妮.韦斯莱,亚瑟.韦斯莱,父亲
1456,金妮.韦斯莱,塞德瑞拉.布莱克,祖母
1457,金妮.韦斯莱,塞普蒂默斯.韦斯莱,祖父
1458,金妮.韦斯莱,《预言家日报》魁地奇资深记者,职业
1459,金妮.韦斯莱,霍利黑德哈比队魁地奇球员,职业
1460,金妮.韦斯莱,吉迪翁.普威特,舅舅
1461,金妮.韦斯莱,费比安.普威特,舅舅
1462,阿不思.邓布利多,凤凰社,从属
1463,阿不思.邓布利多,变形学系,从属
1464,阿不思.邓布利多,国际巫师联合会,从属
1465,阿不思.邓布利多,威森加摩,从属
1466,阿不思.邓布利多,梅林爵士团,从属
1467,阿不思.邓布利多,老魔杖,从属
1468,阿不思.邓布利多,英国魔法部,从属
1469,阿不思.邓布利多,邓布利多军,从属
1470,阿不思.邓布利多,邓布利多家族,从属
1471,阿不思.邓布利多,霍格沃茨魔法学校,从属
1472,阿不思.邓布利多,魔法法律委员会,从属
1473,阿不思.邓布利多,阿利安娜.邓布利多,妹妹
1474,阿不思.邓布利多,霍诺利亚,姑妈
1475,阿不思.邓布利多,阿不福思.邓布利多,弟弟
1476,阿不思.邓布利多,坎德拉.邓布利多,母亲
1477,阿不思.邓布利多,珀西瓦尔.邓布利多,父亲
1478,阿不思.邓布利多,变形学系系主任,职业
1479,阿不思.邓布利多,霍格沃茨校长,职业
1480,阿不思.邓布利多,霍格沃茨黑魔法防御术教授,职业
1481,阿不福思.邓布利多,凤凰社,从属
1482,阿不福思.邓布利多,猪头酒吧,从属
1483,阿不福思.邓布利多,邓布利多家族,从属
1484,阿不福思.邓布利多,霍格沃茨魔法学校,从属
1485,阿不福思.邓布利多,阿不思.邓布利多,哥哥
1486,阿不福思.邓布利多,阿利安娜.邓布利多,妹妹
1487,阿不福思.邓布利多,霍诺利亚,姑妈
1488,阿不福思.邓布利多,坎德拉.邓布利多,母亲
1489,阿不福思.邓布利多,珀西瓦尔.邓布利多,父亲
1490,阿切尔.埃弗蒙德,英国魔法部,从属
1491,阿尔法德.布莱克,安多米达.唐克斯,侄女
1492,阿尔法德.布莱克,纳西莎.马尔福,侄女
1493,阿尔法德.布莱克,贝拉特里克斯.莱斯特兰奇,侄女
1494,阿尔法德.布莱克,小天狼星.布莱克,外甥
1495,阿尔法德.布莱克,雷古勒斯.布莱克,外甥
1496,阿尔法德.布莱克,奥赖恩.布莱克,姐夫
1497,阿尔法德.布莱克,沃尔布加.布莱克,姐姐
1498,阿尔法德.布莱克,德鲁埃拉.罗齐尔,弟媳
1499,阿尔法德.布莱克,西格纳斯.布莱克三世,弟弟
1500,阿尔法德.布莱克,伊尔玛.克拉布,母亲
1501,阿尔法德.布莱克,帕勒克斯.布莱克,父亲
1502,阿布拉克萨斯.马尔福,斯莱特林,从属
1503,阿布拉克萨斯.马尔福,霍格沃茨魔法学校,从属
1504,阿布拉克萨斯.马尔福,马尔福家族,从属
1505,阿布拉克萨斯.马尔福,纳西莎.马尔福,儿媳
1506,阿布拉克萨斯.马尔福,卢修斯.马尔福,儿子
1507,阿布拉克萨斯.马尔福,阿斯托里亚.格林格拉斯,孙媳
1508,阿布拉克萨斯.马尔福,德拉科.马尔福,孙子
1509,阿布拉克萨斯.马尔福,斯科皮.马尔福,曾孙
1510,阿布拉克萨斯.马尔福,塞普蒂默斯.马尔福,祖先
1511,阿布拉克萨斯.马尔福,尼古拉斯.马尔福,祖先
1512,阿布拉克萨斯.马尔福,布鲁图斯.马尔福,祖先
1513,阿布拉克萨斯.马尔福,阿曼德.马尔福,祖先
1514,阿拉戈克,禁林八眼巨蛛群落,从属
1515,阿拉戈克,鲁伯.海格,从属
1516,阿拉戈克,莫萨格,妻子
1517,阿拉斯托.穆迪,傲罗办公室,从属
1518,阿拉斯托.穆迪,先遣警卫,从属
1519,阿拉斯托.穆迪,凤凰社,从属
1520,阿拉斯托.穆迪,霍格沃茨魔法学校,从属
1521,阿拉斯托.穆迪,魔法部,从属
1522,阿斯托里亚.格林格拉斯,德拉科.马尔福,丈夫
1523,阿斯托里亚.格林格拉斯,格林格拉斯家族,从属
1524,阿斯托里亚.格林格拉斯,马尔福家族,从属
1525,阿斯托里亚.格林格拉斯,斯科皮.马尔福,儿子
1526,阿斯托里亚.格林格拉斯,卢修斯.马尔福,公公
1527,阿斯托里亚.格林格拉斯,达芙妮.格林格拉斯,姐姐
1528,阿斯托里亚.格林格拉斯,纳西莎.马尔福,婆婆
1529,阿格斯.费尔奇,洛丽丝夫人,从属
1530,阿格斯.费尔奇,霍格沃茨魔法学校,从属
1531,阿莫斯.迪戈里,英国魔法部,从属
1532,阿莫斯.迪戈里,迪戈里家族,从属
1533,阿莫斯.迪戈里,塞德里克.迪戈里,儿子
1534,阿莫斯.迪戈里,迪戈里夫人,妻子
1535,阿诺德.皮斯古德,打击手,职业
1536,阿诺德.皮斯古德,记忆注销员(曾经),职业
1537,雅各布.科瓦尔斯基,科瓦尔斯基先生,兄弟
1538,雅各布.科瓦尔斯基,科瓦尔斯基烘焙坊店主,职业
1539,雅各布.科瓦尔斯基,美国远征军士兵,职业
1540,雅各布.科瓦尔斯基,莫顿.戴尔罐头厂工人(曾经),职业
1541,雅各布.科瓦尔斯基的兄弟,雅各布.科瓦尔斯基,兄弟
1542,雅各布.科瓦尔斯基的祖母,科瓦尔斯基先生,孙辈
1543,雅各布.科瓦尔斯基的祖母,雅各布.科瓦尔斯基,孙辈
1544,雅各布.科瓦尔斯基的祖父,科瓦尔斯基先生,孙辈
1545,雅各布.科瓦尔斯基的祖父,雅各布.科瓦尔斯基,孙辈
1546,雷古勒斯.布莱克,布莱克家族,从属
1547,雷古勒斯.布莱克,斯莱特林,从属
1548,雷古勒斯.布莱克,斯莱特林魁地奇球队,从属
1549,雷古勒斯.布莱克,霍格沃茨魔法学校,从属
1550,雷古勒斯.布莱克,食死徒,从属
1551,雷古勒斯.布莱克,鼻涕虫俱乐部,从属
1552,雷古勒斯.布莱克,伊尔玛.布莱克,原姓克拉布
1553,雷古勒斯.布莱克,安多米达.唐克斯,原姓布莱克
1554,雷古勒斯.布莱克,纳西莎.马尔福,原姓布莱克
1555,雷古勒斯.布莱克,贝拉特里克斯.莱斯特兰奇,原姓布莱克
1556,雷古勒斯.布莱克,德鲁埃拉.布莱克,原姓罗齐尔
1557,雷古勒斯.布莱克,梅拉尼娅.布莱克,原姓麦克米兰
1558,雷古勒斯.布莱克,小天狼星.布莱克,哥哥
1559,雷古勒斯.布莱克,帕勒克斯.布莱克,外祖父
1560,雷古勒斯.布莱克,卢克丽霞.布莱克,姑母
1561,雷古勒斯.布莱克,伊格内修斯.普威特,姑父
1562,雷古勒斯.布莱克,沃尔布加.布莱克,母亲
1563,雷古勒斯.布莱克,奥赖恩.布莱克,父亲
1564,雷古勒斯.布莱克,阿克图勒斯.布莱克三世,祖父
1565,雷古勒斯.布莱克,西格纳斯.布莱克,舅父
1566,雷古勒斯.布莱克,阿尔法德.布莱克,舅父
1567,雷古勒斯.布莱克,菲尼亚斯.奈杰勒斯.布莱克,高祖父
1568,霍滕西亚.米里法特,英国魔法部,从属
1569,韦伯.布特,伊尔弗莫尼魔法学校,从属
1570,韦伯.布特,布特家族,从属
1571,韦伯.布特,斯图尔特家族,从属
1572,韦伯.布特,玛莎.斯图尔特,养妹
1573,韦伯.布特,雷欧娜.斯图尔特,养妹
1574,韦伯.布特,伊索特.塞耶,养母
1575,韦伯.布特,詹姆.斯图尔特,养父
1576,韦伯.布特,泰瑞.布特,可能是后裔
1577,韦伯.布特,查威克.布特,哥哥
1578,韦伯.布特,布特夫人,妻子
1579,韦伯.布特,布特夫人,母亲
1580,韦伯.布特,布特先生,父亲
1581,韦恩.霍普金斯,赫奇帕奇学院,从属
1582,韦恩.霍普金斯,霍格沃茨魔法学校,从属
1583,马库斯.弗林特,弗林特家族,从属
1584,马库斯.弗林特,斯莱特林,从属
1585,马库斯.弗林特,斯莱特林魁地奇球队,从属
1586,马库斯.弗林特,霍格沃茨魔法学校,从属
1587,马库斯.弗林特,弗林特家族,父系或母系家族
1588,马法尔达.霍普柯克,英国魔法部,从属
1589,马法尔达.霍普柯克,食死徒,从属
1590,马琳.麦金农,凤凰社,从属
1591,马琳.麦金农,麦金农家庭,从属
1592,鲁伯.海格,凤凰社,从属
1593,鲁伯.海格,哈利.波特,从属
1594,鲁伯.海格,格兰芬多学院,从属
1595,鲁伯.海格,海格家庭,从属
1596,鲁伯.海格,阿不思.邓布利多,从属
1597,鲁伯.海格,霍格沃茨魔法学校,从属
1598,鲁伯.海格,格洛普,同母异父的弟弟
1599,鲁伯.海格,弗里德瓦法,母亲
1600,鲁伯.海格,海格先生,父亲
1601,鲁伯.海格,格洛普的父亲,继父
1602,鲁伯.海格,霍格沃茨保护神奇动物课,职业
1603,鲁伯.海格,霍格沃茨钥匙保管员和猎场看守,职业
1604,鲁弗斯.斯克林杰,傲罗办公室,从属
1605,鲁弗斯.斯克林杰,魔法部,从属
1606,鲁弗斯.斯克林杰,傲罗办公室主任(曾经),职业
1607,鲁弗斯.斯克林杰,魔法部部长(曾经),职业
1608,鲁弗斯.福吉,福吉家庭,从属
1609,鲁弗斯.福吉,魔法部,从属
1610,鲁弗斯.福吉,康奈利.福吉,叔叔
1611,鲁弗斯.福吉,福吉夫人,阿姨
1612,鲍勃.希钦斯,天狼星.布莱克一世,哥哥
1613,鲍勃.希钦斯,菲尼亚斯.奈杰勒斯.布莱克,哥哥
1614,鲍勃.希钦斯,约拉.布莱克,妻子
1615,鲍勃.希钦斯,埃拉朵拉.布莱克,姐姐
1616,鲍曼.赖特的父亲,鲍曼.赖特,儿子
1617,鲍曼.赖特的父亲,赖特夫人,妻子
1618,齐格蒙特.巴奇,巴奇夫人,母亲
1619,齐格蒙特.巴奇,作家,职业
1620,齐格蒙特.巴奇,药剂师,职业
